Main Category,Sub-Category,Hierarchy Path,Component Role,Constraint Text,Subcategory Min Qty,Subcategory Max Qty,Table Rule/Note,Product #,Option Type,Description,Current Qty,Unit Price (USD),Price Delta (USD),Extended Price (USD),Price per GB (USD),HPE Recommended,Availability,Lead Time,Lead Time Source,Lifecycle Status,Start Date,Discontinued Date,Vendor Attributes (JSON),Diff Status,Previous List Price (USD),Price Change (USD),Price Change (%),Price History Trail
Chassis,Variants,HPE OCA > SN3600B FC > Chassis > Variants,Base Chassis,"min 1, max 1",1,1,"Select exactly one currently discoverable, non-TAA/non-GTA CTO base chassis",R7R97A,CTO,HPE SN3600B 32Gb 24/8 8-port 32Gb Short Wave SFP28 Fibre Channel Switch,1,"$19,746.00",,,,Unknown,Available in OCA product catalog,,Not published by OCA,Active,2026-09-21,05/31/2028,,PRICE_CHANGED,N/A,"$19,746.00",$0.00,2026-09-21: (no price) → 2026-09-22: $19746.00
Networking,Active Port Transceivers,HPE OCA > SN3600B FC > Networking > Active Port Transceivers,Port Upgrade Bundle,Unlimited,0,Unlimited,Selection constraint for Active Port Transceivers: no max,R7M09A,Standard,HPE SN3600B 32Gb 8-port Short Wave SFP28 Fibre Channel Upgrade License with Transceiver Kit,0,"$19,950.00",,NA,,Unknown,Available,,Not published by OCA,Active,08/04/2021,03/31/2028,"{""Extended Price (USD)"":""NA""}",PRICE_AND_ATTRIBUTE_CHANGED,N/A,"$19,950.00",$0.00,2026-09-21: (no price) → 2026-09-22: $19950.00
Networking,Active Port Transceivers,HPE OCA > SN3600B FC > Networking > Active Port Transceivers,Port Upgrade Bundle,Unlimited,0,Unlimited,Selection constraint for Active Port Transceivers: no max,R7M10A,Standard,HPE SN3600B 16Gb 8-port Short Wave SFP+ Fibre Channel Upgrade License with Transceiver Kit,0,"$12,951.00",,NA,,Unknown,Available,,Not published by OCA,Active,08/04/2021,09/30/2027,"{""Extended Price (USD)"":""NA""}",PRICE_AND_ATTRIBUTE_CHANGED,N/A,"$12,951.00",$0.00,2026-09-21: (no price) → 2026-09-22: $12951.00
Networking,16Gb Transceivers,HPE OCA > SN3600B FC > Networking > 16Gb Transceivers,Transceiver,Unlimited,0,Unlimited,Selection constraint for 16Gb Transceivers: no max,QK724A,Standard,HPE B-series 16Gb SFP+ Short Wave Transceiver,0,$417.00,,NA,,Unknown,Available,,Not published by OCA,Active,03/03/2017,03/31/2027,"{""Extended Price (USD)"":""NA""}",PRICE_AND_ATTRIBUTE_CHANGED,N/A,$417.00,$0.00,2026-09-21: (no price) → 2026-09-22: $417.00
Networking,16Gb Transceivers,HPE OCA > SN3600B FC > Networking > 16Gb Transceivers,Transceiver,Unlimited,0,Unlimited,Selection constraint for 16Gb Transceivers: no max,R6B10A,Standard,HPE B-series 16Gb SFP+ Short Wave 1-pack Secure Transceiver,0,"$1,946.00",,NA,,Unknown,Available,,Not published by OCA,Active,12/07/2020,03/31/2027,"{""Extended Price (USD)"":""NA""}",PRICE_AND_ATTRIBUTE_CHANGED,N/A,"$1,946.00",$0.00,2026-09-21: (no price) → 2026-09-22: $1946.00
Networking,16Gb Transceivers,HPE OCA > SN3600B FC > Networking > 16Gb Transceivers,Transceiver,Unlimited,0,Unlimited,Selection constraint for 16Gb Transceivers: no max,R6W28A,Standard,HPE B-series 16Gb SFP+ Short Wave 8-pack Secure Transceiver,0,"$13,290.00",,NA,,Unknown,Available,,Not published by OCA,Active,08/04/2021,06/30/2027,"{""Extended Price (USD)"":""NA""}",PRICE_AND_ATTRIBUTE_CHANGED,N/A,"$13,290.00",$0.00,2026-09-21: (no price) → 2026-09-22: $13290.00
Networking,16Gb Transceivers,HPE OCA > SN3600B FC > Networking > 16Gb Transceivers,Transceiver,Unlimited,0,Unlimited,Selection constraint for 16Gb Transceivers: no max,H6Z29A,Standard,HPE B-series 16Gb LW 25km FC SFP 1-pack Transceiver,0,"$7,071.00",,NA,,Unknown,Obsolete (OB),,Not published by OCA,Obsolete (OB),03/03/2017,12/01/2022,"{""Extended Price (USD)"":""NA""}",ADDED,N/A,"$7,071.00",$100.00,"$2,026.00"
Networking,16Gb Transceivers,HPE OCA > SN3600B FC > Networking > 16Gb Transceivers,Transceiver,Unlimited,0,Unlimited,Selection constraint for 16Gb Transceivers: no max,QK725A,Standard,HPE B-series 16Gb SFP+ Long Wave 10km Transceiver,0,"$3,400.00",,NA,,Unknown,Obsolete (OB),,Not published by OCA,Obsolete (OB),03/03/2017,02/23/2023,"{""Extended Price (USD)"":""NA""}",PRICE_AND_ATTRIBUTE_CHANGED,N/A,"$3,400.00",$0.00,2026-09-21: (no price) → 2026-09-22: $3400.00
Networking,16Gb Transceivers,HPE OCA > SN3600B FC > Networking > 16Gb Transceivers,Transceiver,Unlimited,0,Unlimited,Selection constraint for 16Gb Transceivers: no max,R6B11A,Standard,HPE B-series 16Gb SFP+ Long Wave 10km 1-pack Secure Transceiver,0,"$6,614.00",,NA,,Unknown,Obsolete (OB),,Not published by OCA,Obsolete (OB),12/07/2020,05/31/2025,"{""Extended Price (USD)"":""NA""}",PRICE_AND_ATTRIBUTE_CHANGED,N/A,"$6,614.00",$0.00,2026-09-21: (no price) → 2026-09-22: $6614.00
Networking,16Gb Transceivers,HPE OCA > SN3600B FC > Networking > 16Gb Transceivers,Transceiver,Unlimited,0,Unlimited,Selection constraint for 16Gb Transceivers: no max,R6B21A,Standard,HPE B-series 16Gb SFP+ Extended Long Wave 25km 1-pack Secure Transceiver,0,"$27,508.00",,NA,,Unknown,Obsolete (OB),,Not published by OCA,Obsolete (OB),12/07/2020,05/31/2025,"{""Extended Price (USD)"":""NA""}",PRICE_AND_ATTRIBUTE_CHANGED,N/A,"$27,508.00",$0.00,2026-09-21: (no price) → 2026-09-22: $27508.00
Networking,32Gb Transceivers,HPE OCA > SN3600B FC > Networking > 32Gb Transceivers,Transceiver,Unlimited,0,Unlimited,Selection constraint for 32Gb Transceivers: no max,P9H29A,Standard,HPE B-Series 32Gb SFP28 Long Wave 1-pack Transceiver,0,"$6,100.00",,NA,,Unknown,Obsolete (OB),,Not published by OCA,Obsolete (OB),03/27/2017,10/31/2021,"{""Extended Price (USD)"":""NA""}",PRICE_AND_ATTRIBUTE_CHANGED,N/A,"$6,100.00",$0.00,2026-09-21: (no price) → 2026-09-22: $6100.00
Networking,32Gb Transceivers,HPE OCA > SN3600B FC > Networking > 32Gb Transceivers,Transceiver,Unlimited,0,Unlimited,Selection constraint for 32Gb Transceivers: no max,P9H32A,Standard,HPE B-series 32Gb SFP28 Short Wave 1-pack Transceiver,0,"$2,199.00",,NA,,Unknown,Obsolete (OB),,Not published by OCA,Obsolete (OB),03/03/2017,08/03/2022,"{""Extended Price (USD)"":""NA""}",PRICE_AND_ATTRIBUTE_CHANGED,N/A,"$2,199.00",$0.00,2026-09-21: (no price) → 2026-09-22: $2199.00
Networking,32Gb Transceivers,HPE OCA > SN3600B FC > Networking > 32Gb Transceivers,Transceiver,Unlimited,0,Unlimited,Selection constraint for 32Gb Transceivers: no max,R0Q23A,Standard,HPE B-series 32Gb SFP28 Short Wave 8-pack Transceiver,0,"$15,989.00",,NA,,Unknown,Obsolete (OB),,Not published by OCA,Obsolete (OB),04/02/2019,04/15/2023,"{""Extended Price (USD)"":""NA""}",PRICE_AND_ATTRIBUTE_CHANGED,N/A,"$15,989.00",$0.00,2026-09-21: (no price) → 2026-09-22: $15989.00
Networking,32Gb Transceivers,HPE OCA > SN3600B FC > Networking > 32Gb Transceivers,Transceiver,Unlimited,0,Unlimited,Selection constraint for 32Gb Transceivers: no max,R6B12A,Standard,HPE B-series 32Gb SFP28 Short Wave 1-pack Secure Transceiver,0,"$2,691.00",,NA,,Unknown,Available,,Not published by OCA,Active,12/07/2020,02/28/2028,"{""Extended Price (USD)"":""NA""}",PRICE_AND_ATTRIBUTE_CHANGED,N/A,"$2,691.00",$0.00,2026-09-21: (no price) → 2026-09-22: $2691.00
Networking,32Gb Transceivers,HPE OCA > SN3600B FC > Networking > 32Gb Transceivers,Transceiver,Unlimited,0,Unlimited,Selection constraint for 32Gb Transceivers: no max,R6B13A,Standard,HPE B-series 32Gb SFP28 Long Wave 10km 1-pack Secure Transceiver,0,"$8,838.00",,NA,,Unknown,Available,,Not published by OCA,Active,12/07/2020,02/28/2028,"{""Extended Price (USD)"":""NA""}",PRICE_AND_ATTRIBUTE_CHANGED,N/A,"$8,838.00",$0.00,2026-09-21: (no price) → 2026-09-22: $8838.00
Networking,32Gb Transceivers,HPE OCA > SN3600B FC > Networking > 32Gb Transceivers,Transceiver,Unlimited,0,Unlimited,Selection constraint for 32Gb Transceivers: no max,R6W26A,Standard,HPE B-series 32Gb SFP28 Short Wave 8-pack Secure Transceiver,0,"$19,567.00",,NA,,Unknown,Available,,Not published by OCA,Active,08/04/2021,10/31/2027,"{""Extended Price (USD)"":""NA""}",PRICE_AND_ATTRIBUTE_CHANGED,N/A,"$19,567.00",$0.00,2026-09-21: (no price) → 2026-09-22: $19567.00
Networking,32Gb Transceivers,HPE OCA > SN3600B FC > Networking > 32Gb Transceivers,Transceiver,Unlimited,0,Unlimited,Selection constraint for 32Gb Transceivers: no max,R7M17A,Standard,HPE B-series 32Gb SFP Extended Long Wave 25km 1-pack Secure Transceiver,0,"$35,170.00",,NA,,Unknown,Available,,Not published by OCA,Active,06/07/2021,02/28/2028,"{""Extended Price (USD)"":""NA""}",PRICE_AND_ATTRIBUTE_CHANGED,N/A,"$35,170.00",$0.00,2026-09-21: (no price) → 2026-09-22: $35170.00
Drive Enclosures / Drives,System Options,HPE OCA > SN3600B FC > Drive Enclosures / Drives > System Options,Drive Cage / Drive,max 24,0,24,Selection constraint for System Options: max 24,N9Y63A,Standard,HPE B-series 4G USB Drive,0,$436.00,,NA,,Unknown,Obsolete (OB),,Not published by OCA,Obsolete (OB),03/03/2017,04/30/2026,"{""Extended Price (USD)"":""NA""}",PRICE_AND_ATTRIBUTE_CHANGED,N/A,$436.00,$0.00,2026-09-21: (no price) → 2026-09-22: $436.00
Cables & Enablement Kits,Power Cords for Wall Outlets,HPE OCA > SN3600B FC > Cables & Enablement Kits > Power Cords for Wall Outlets,Cable Kit,max 2,0,2,Selection constraint for Power Cords for Wall Outlets: max 2,295633-B22,Standard,HPE C19 - C20 WW 250V 16Amp 2.5m Jumper Cord,0,$102.00,,NA,,Unknown,Available,,Not published by OCA,Active,03/03/2017,07/31/2028,"{""Extended Price (USD)"":""NA""}",ATTRIBUTE_CHANGED,$102.00,$0.00,$0.00,"$2,026.00"
Cables & Enablement Kits,Power Cords for Wall Outlets,HPE OCA > SN3600B FC > Cables & Enablement Kits > Power Cords for Wall Outlets,Cable Kit,max 2,0,2,Selection constraint for Power Cords for Wall Outlets: max 2,AF556A,Standard,HPE C13 - Nema 5-15P US/CA 110V 10Amp 1.83m Power Cord,0,$55.00,,NA,,Unknown,Available,,Not published by OCA,Active,03/03/2017,09/30/2028,"{""Extended Price (USD)"":""NA""}",ATTRIBUTE_CHANGED,$55.00,$0.00,$0.00,"$2,026.00"
Cables & Enablement Kits,Power Cords for Wall Outlets,HPE OCA > SN3600B FC > Cables & Enablement Kits > Power Cords for Wall Outlets,Cable Kit,max 2,0,2,Selection constraint for Power Cords for Wall Outlets: max 2,AF557A,Standard,HPE C13 - GB-1002 CN 250V 10Amp 1.83m Power Cord,0,$156.00,,NA,,Unknown,Available,,Not published by OCA,Active,03/03/2017,10/31/2031,"{""Extended Price (USD)"":""NA""}",ATTRIBUTE_CHANGED,$156.00,$0.00,$0.00,"$2,026.00"
Cables & Enablement Kits,Power Cords for Wall Outlets,HPE OCA > SN3600B FC > Cables & Enablement Kits > Power Cords for Wall Outlets,Cable Kit,max 2,0,2,Selection constraint for Power Cords for Wall Outlets: max 2,AF568A,Standard,HPE C13 - CEE-VII EU 250V 10Amp 1.83m Power Cord,0,$71.00,,NA,,Unknown,Available,,Not published by OCA,Active,03/03/2017,10/31/2031,"{""Extended Price (USD)"":""NA""}",ATTRIBUTE_CHANGED,$71.00,$0.00,$0.00,"$2,026.00"
Cables & Enablement Kits,Power Cords for Wall Outlets,HPE OCA > SN3600B FC > Cables & Enablement Kits > Power Cords for Wall Outlets,Cable Kit,max 2,0,2,Selection constraint for Power Cords for Wall Outlets: max 2,AF570A,Standard,HPE C13 - BS-1363A UK/HK/SG 250V 10Amp 1.83m Power Cord,0,$55.00,,NA,,Unknown,Available,,Not published by OCA,Active,03/03/2017,09/30/2028,"{""Extended Price (USD)"":""NA""}",ATTRIBUTE_CHANGED,$55.00,$0.00,$0.00,"$2,026.00"
Cables & Enablement Kits,Power Cords for Wall Outlets,HPE OCA > SN3600B FC > Cables & Enablement Kits > Power Cords for Wall Outlets,Cable Kit,max 2,0,2,Selection constraint for Power Cords for Wall Outlets: max 2,R1C66A,Standard,HPE C19-C20 IN 250V 16Amp 2.5m Black Jumper Cord,0,$88.00,,NA,,Unknown,Available,,Not published by OCA,Active,12/03/2018,10/31/2031,"{""Extended Price (USD)"":""NA""}",PRICE_AND_ATTRIBUTE_CHANGED,N/A,$88.00,$0.00,2026-09-21: (no price) → 2026-09-22: $88.00
Cables & Enablement Kits,Power Cords for Wall Outlets,HPE OCA > SN3600B FC > Cables & Enablement Kits > Power Cords for Wall Outlets,Cable Kit,max 2,0,2,Selection constraint for Power Cords for Wall Outlets: max 2,142257-002,Standard,HPE C13 - C14 WW 250V 10Amp 2.5m Jumper Cord,0,$34.00,,NA,,Unknown,EOL Warning (90-Day),,Not published by OCA,EOL Warning (90-Day),03/03/2017,11/30/2026,"{""Extended Price (USD)"":""NA""}",ATTRIBUTE_CHANGED,$34.00,$0.00,$0.00,"$2,026.00"
Cables & Enablement Kits,Power Cords for Wall Outlets,HPE OCA > SN3600B FC > Cables & Enablement Kits > Power Cords for Wall Outlets,Cable Kit,max 2,0,2,Selection constraint for Power Cords for Wall Outlets: max 2,A0N33A,Standard,HPE C13-NEMA 6-15P 10A/250V 3.6m Black Power Cord,0,$78.00,,NA,,Unknown,Available,,Not published by OCA,Active,03/03/2017,09/30/2031,"{""Extended Price (USD)"":""NA""}",ATTRIBUTE_CHANGED,$78.00,$0.00,$0.00,"$2,026.00"
Cables & Enablement Kits,Power Cords for Wall Outlets,HPE OCA > SN3600B FC > Cables & Enablement Kits > Power Cords for Wall Outlets,Cable Kit,max 2,0,2,Selection constraint for Power Cords for Wall Outlets: max 2,AF558A,Standard,HPE C13 - IRAM -2073 AR 250V 10A 2.5m Power Cord,0,$65.00,,NA,,Unknown,Available,,Not published by OCA,Active,03/03/2017,09/30/2028,"{""Extended Price (USD)"":""NA""}",ATTRIBUTE_CHANGED,$65.00,$0.00,$0.00,"$2,026.00"
Cables & Enablement Kits,Power Cords for Wall Outlets,HPE OCA > SN3600B FC > Cables & Enablement Kits > Power Cords for Wall Outlets,Cable Kit,max 2,0,2,Selection constraint for Power Cords for Wall Outlets: max 2,AF559A,Standard,HPE C13 - Nema 5-15P TH/PH 250V 10Amp 1.83m Power Cord,0,$55.00,,NA,,Unknown,Available,,Not published by OCA,Active,03/03/2017,09/30/2028,"{""Extended Price (USD)"":""NA""}",ATTRIBUTE_CHANGED,$55.00,$0.00,$0.00,"$2,026.00"
Cables & Enablement Kits,Power Cords for Wall Outlets,HPE OCA > SN3600B FC > Cables & Enablement Kits > Power Cords for Wall Outlets,Cable Kit,max 2,0,2,Selection constraint for Power Cords for Wall Outlets: max 2,AF560A,Standard,HPE C13 - KSC- 8305 KR 250V 10Amp 1.83m Power Cord,0,$55.00,,NA,,Unknown,Available,,Not published by OCA,Active,03/03/2017,09/30/2028,"{""Extended Price (USD)"":""NA""}",ATTRIBUTE_CHANGED,$55.00,$0.00,$0.00,"$2,026.00"
Cables & Enablement Kits,Power Cords for Wall Outlets,HPE OCA > SN3600B FC > Cables & Enablement Kits > Power Cords for Wall Outlets,Cable Kit,max 2,0,2,Selection constraint for Power Cords for Wall Outlets: max 2,AF561A,Standard,HPE C13 - CNS-690 TW 110V 13Amp 1.83m Power Cord,0,$55.00,,NA,,Unknown,Available,,Not published by OCA,Active,03/03/2017,09/30/2028,"{""Extended Price (USD)"":""NA""}",ATTRIBUTE_CHANGED,$55.00,$0.00,$0.00,"$2,026.00"
Cables & Enablement Kits,Power Cords for Wall Outlets,HPE OCA > SN3600B FC > Cables & Enablement Kits > Power Cords for Wall Outlets,Cable Kit,max 2,0,2,Selection constraint for Power Cords for Wall Outlets: max 2,AF562A,Standard,HPE C13 - IS-1293 IN 240V 6Amp LV 2.0m Power Cord,0,$194.00,,NA,,Unknown,Available,,Not published by OCA,Active,03/03/2017,10/31/2031,"{""Extended Price (USD)"":""NA""}",ATTRIBUTE_CHANGED,$194.00,$0.00,$0.00,"$2,026.00"
Cables & Enablement Kits,Power Cords for Wall Outlets,HPE OCA > SN3600B FC > Cables & Enablement Kits > Power Cords for Wall Outlets,Cable Kit,max 2,0,2,Selection constraint for Power Cords for Wall Outlets: max 2,AF564A,Standard,HPE C13 - SI-32 IL 250V 10Amp 1.83m Power Cord,0,$55.00,,NA,,Unknown,Available,,Not published by OCA,Active,03/03/2017,09/30/2028,"{""Extended Price (USD)"":""NA""}",ATTRIBUTE_CHANGED,$55.00,$0.00,$0.00,"$2,026.00"
Cables & Enablement Kits,Power Cords for Wall Outlets,HPE OCA > SN3600B FC > Cables & Enablement Kits > Power Cords for Wall Outlets,Cable Kit,max 2,0,2,Selection constraint for Power Cords for Wall Outlets: max 2,AF565A,Standard,HPE C13 - SEV 1011 CH 250V 10Amp 1.83m Power Cord,0,$55.00,,NA,,Unknown,Available,,Not published by OCA,Active,03/03/2017,09/30/2028,"{""Extended Price (USD)"":""NA""}",ATTRIBUTE_CHANGED,$55.00,$0.00,$0.00,"$2,026.00"
Cables & Enablement Kits,Power Cords for Wall Outlets,HPE OCA > SN3600B FC > Cables & Enablement Kits > Power Cords for Wall Outlets,Cable Kit,max 2,0,2,Selection constraint for Power Cords for Wall Outlets: max 2,AF566A,Standard,HPE C13 - DK-2.5A DK 250V 10Amp 1.83m Power Cord,0,$55.00,,NA,,Unknown,Available,,Not published by OCA,Active,03/03/2017,09/30/2028,"{""Extended Price (USD)"":""NA""}",ATTRIBUTE_CHANGED,$55.00,$0.00,$0.00,"$2,026.00"
Cables & Enablement Kits,Power Cords for Wall Outlets,HPE OCA > SN3600B FC > Cables & Enablement Kits > Power Cords for Wall Outlets,Cable Kit,max 2,0,2,Selection constraint for Power Cords for Wall Outlets: max 2,AF567A,Standard,HPE C13 - SABS-164 ZA 250V 10Amp 2.5m Power Cord,0,$65.00,,NA,,Unknown,Available,,Not published by OCA,Active,03/03/2017,09/30/2028,"{""Extended Price (USD)"":""NA""}",ATTRIBUTE_CHANGED,$65.00,$0.00,$0.00,"$2,026.00"
Cables & Enablement Kits,Power Cords for Wall Outlets,HPE OCA > SN3600B FC > Cables & Enablement Kits > Power Cords for Wall Outlets,Cable Kit,max 2,0,2,Selection constraint for Power Cords for Wall Outlets: max 2,AF569A,Standard,HPE C13 - AS3112-3 AU 250V 10Amp 2.5m Power Cord,0,$65.00,,NA,,Unknown,Available,,Not published by OCA,Active,03/03/2017,09/30/2028,"{""Extended Price (USD)"":""NA""}",ATTRIBUTE_CHANGED,$65.00,$0.00,$0.00,"$2,026.00"
Cables & Enablement Kits,Power Cords for Wall Outlets,HPE OCA > SN3600B FC > Cables & Enablement Kits > Power Cords for Wall Outlets,Cable Kit,max 2,0,2,Selection constraint for Power Cords for Wall Outlets: max 2,AF571A,Standard,HPE C13 - CEI-23-50 IT/CL 250V 10Amp 1.83m Power Cord,0,$0.00,,NA,,Unknown,Obsolete (OB),,Not published by OCA,Obsolete (OB),03/03/2017,09/30/2018,"{""Extended Price (USD)"":""NA""}",ATTRIBUTE_CHANGED,N/A,$0.00,$0.00,2026-09-21: (no price) → 2026-09-22: (no price)
Cables & Enablement Kits,Power Cords for Wall Outlets,HPE OCA > SN3600B FC > Cables & Enablement Kits > Power Cords for Wall Outlets,Cable Kit,max 2,0,2,Selection constraint for Power Cords for Wall Outlets: max 2,AF572A,Standard,HPE C13 - JIS C8303 JP 100V 12Amp 2.0m Power Cord,0,$60.00,,NA,,Unknown,Available,,Not published by OCA,Active,03/03/2017,09/30/2028,"{""Extended Price (USD)"":""NA""}",ATTRIBUTE_CHANGED,$60.00,$0.00,$0.00,"$2,026.00"
Cables & Enablement Kits,Power Cords for Wall Outlets,HPE OCA > SN3600B FC > Cables & Enablement Kits > Power Cords for Wall Outlets,Cable Kit,max 2,0,2,Selection constraint for Power Cords for Wall Outlets: max 2,AF591A,Standard,HPE C13 - NBR-14136 BR 250V 10Amp 1.83m Power Cord,0,$49.00,,NA,,Unknown,Available,,Not published by OCA,Active,03/03/2017,10/31/2031,"{""Extended Price (USD)"":""NA""}",ATTRIBUTE_CHANGED,$49.00,$0.00,$0.00,"$2,026.00"
Cables & Enablement Kits,Power Cords for Wall Outlets,HPE OCA > SN3600B FC > Cables & Enablement Kits > Power Cords for Wall Outlets,Cable Kit,max 2,0,2,Selection constraint for Power Cords for Wall Outlets: max 2,R1C65A,Standard,HPE C13-C14 IN 250V 10Amp 2m Black Jumper Cord,0,$119.00,,NA,,Unknown,Available,,Not published by OCA,Active,12/03/2018,10/31/2031,"{""Extended Price (USD)"":""NA""}",ATTRIBUTE_CHANGED,$119.00,$0.00,$0.00,"$2,026.00"
Cables & Enablement Kits,Power Cords for Wall Outlets,HPE OCA > SN3600B FC > Cables & Enablement Kits > Power Cords for Wall Outlets,Cable Kit,max 2,0,2,Selection constraint for Power Cords for Wall Outlets: max 2,SG579A,Standard,HPE C13 - IS-1293 IN 250V 10Amp HV 2.5m Power Cord,0,$142.00,,NA,,Unknown,Obsolete (OB),,Not published by OCA,Obsolete (OB),11/19/2018,11/30/2022,"{""Extended Price (USD)"":""NA""}",ATTRIBUTE_CHANGED,$142.00,$0.00,$0.00,"$2,026.00"
Cables & Enablement Kits,Power Cords for Wall Outlets,HPE OCA > SN3600B FC > Cables & Enablement Kits > Power Cords for Wall Outlets,Cable Kit,max 2,0,2,Selection constraint for Power Cords for Wall Outlets: max 2,SK792A,Standard,HPE 1.83m C13-NEMA 6-15P Power Cord,0,$30.00,,NA,,Unknown,Obsolete (OB),,Not published by OCA,Obsolete (OB),03/03/2017,11/30/2022,"{""Extended Price (USD)"":""NA""}",PRICE_AND_ATTRIBUTE_CHANGED,N/A,$30.00,$0.00,2026-09-21: (no price) → 2026-09-22: $30.00
Cables & Enablement Kits,OM3 LC-LC type connectors cable,HPE OCA > SN3600B FC > Cables & Enablement Kits > OM3 LC-LC type connectors cable,Cable Kit,Unlimited,0,Unlimited,Selection constraint for OM3 LC-LC type connectors cable: no max,AJ833A,Standard,HPE LC to LC Multi-mode OM3 2-Fiber 0.5m 1-Pack Fiber Optic Cable,0,$65.00,,NA,,Unknown,Available,,Not published by OCA,Active,03/03/2017,11/30/2028,"{""Extended Price (USD)"":""NA""}",ATTRIBUTE_CHANGED,$65.00,$0.00,$0.00,"$2,026.00"
Cables & Enablement Kits,OM3 LC-LC type connectors cable,HPE OCA > SN3600B FC > Cables & Enablement Kits > OM3 LC-LC type connectors cable,Cable Kit,Unlimited,0,Unlimited,Selection constraint for OM3 LC-LC type connectors cable: no max,AJ835A,Standard,HPE LC to LC Multi-mode OM3 2-Fiber 2.0m 1-Pack Fiber Optic Cable,0,$95.00,,NA,,Unknown,Available,,Not published by OCA,Active,03/03/2017,11/30/2028,"{""Extended Price (USD)"":""NA""}",PRICE_AND_ATTRIBUTE_CHANGED,N/A,$95.00,$0.00,2026-09-21: (no price) → 2026-09-22: $95.00
Cables & Enablement Kits,OM3 LC-LC type connectors cable,HPE OCA > SN3600B FC > Cables & Enablement Kits > OM3 LC-LC type connectors cable,Cable Kit,Unlimited,0,Unlimited,Selection constraint for OM3 LC-LC type connectors cable: no max,AJ836A,Standard,HPE LC to LC Multi-mode OM3 2-Fiber 5.0m 1-Pack Fiber Optic Cable,0,$115.00,,NA,,Unknown,Available,,Not published by OCA,Active,03/03/2017,11/30/2028,"{""Extended Price (USD)"":""NA""}",ATTRIBUTE_CHANGED,$115.00,$0.00,$0.00,"$2,026.00"
Cables & Enablement Kits,OM3 LC-LC type connectors cable,HPE OCA > SN3600B FC > Cables & Enablement Kits > OM3 LC-LC type connectors cable,Cable Kit,Unlimited,0,Unlimited,Selection constraint for OM3 LC-LC type connectors cable: no max,AJ838A,Standard,HPE LC to LC Multi-mode OM3 2-Fiber 30.0m 1-Pack Fiber Optic Cable,0,$208.00,,NA,,Unknown,Available,,Not published by OCA,Active,03/03/2017,11/30/2028,"{""Extended Price (USD)"":""NA""}",ATTRIBUTE_CHANGED,$208.00,$0.00,$0.00,"$2,026.00"
Cables & Enablement Kits,OM3 LC-LC type connectors cable,HPE OCA > SN3600B FC > Cables & Enablement Kits > OM3 LC-LC type connectors cable,Cable Kit,Unlimited,0,Unlimited,Selection constraint for OM3 LC-LC type connectors cable: no max,AJ839A,Standard,HPE LC to LC Multi-mode OM3 2-Fiber 50.0m 1-Pack Fiber Optic Cable,0,$253.00,,NA,,Unknown,Available,,Not published by OCA,Active,03/03/2017,11/30/2028,"{""Extended Price (USD)"":""NA""}",ATTRIBUTE_CHANGED,$253.00,$0.00,$0.00,"$2,026.00"
Cables & Enablement Kits,OM3 LC-LC type connectors cable,HPE OCA > SN3600B FC > Cables & Enablement Kits > OM3 LC-LC type connectors cable,Cable Kit,Unlimited,0,Unlimited,Selection constraint for OM3 LC-LC type connectors cable: no max,AJ834A,Standard,HPE LC to LC Multi-mode OM3 2-Fiber 1.0m 1-Pack Fiber Optic Cable,0,$70.00,,NA,,Unknown,Available,,Not published by OCA,Active,03/03/2017,11/30/2028,"{""Extended Price (USD)"":""NA""}",ATTRIBUTE_CHANGED,$70.00,$0.00,$0.00,"$2,026.00"
Cables & Enablement Kits,OM3 LC-LC type connectors cable,HPE OCA > SN3600B FC > Cables & Enablement Kits > OM3 LC-LC type connectors cable,Cable Kit,Unlimited,0,Unlimited,Selection constraint for OM3 LC-LC type connectors cable: no max,AJ837A,Standard,HPE LC to LC Multi-mode OM3 2-Fiber 15.0m 1-Pack Fiber Optic Cable,0,$162.00,,NA,,Unknown,Available,,Not published by OCA,Active,03/03/2017,11/30/2028,"{""Extended Price (USD)"":""NA""}",ATTRIBUTE_CHANGED,$162.00,$0.00,$0.00,"$2,026.00"
Cables & Enablement Kits,Premier Flex OM4,HPE OCA > SN3600B FC > Cables & Enablement Kits > Premier Flex OM4,Cable Kit,Unlimited,0,Unlimited,Selection constraint for Premier Flex OM4: no max,QK731A,Standard,HPE Premier Flex MPO12/MPO12 Multi-mode OM4 50m Fiber Cable,0,"$2,000.00",,NA,,Unknown,Available,,Not published by OCA,Active,03/03/2017,11/30/2028,"{""Extended Price (USD)"":""NA""}",PRICE_AND_ATTRIBUTE_CHANGED,N/A,"$2,000.00",$0.00,2026-09-21: (no price) → 2026-09-22: $2000.00
Cables & Enablement Kits,Premier Flex OM4,HPE OCA > SN3600B FC > Cables & Enablement Kits > Premier Flex OM4,Cable Kit,Unlimited,0,Unlimited,Selection constraint for Premier Flex OM4: no max,QK732A,Standard,HPE Premier Flex LC/LC Multi-mode OM4 2 Fiber 1m Cable,0,$115.00,,NA,,Unknown,Available,,Not published by OCA,Active,03/03/2017,11/30/2028,"{""Extended Price (USD)"":""NA""}",ATTRIBUTE_CHANGED,$115.00,$0.00,$0.00,"$2,026.00"
Cables & Enablement Kits,Premier Flex OM4,HPE OCA > SN3600B FC > Cables & Enablement Kits > Premier Flex OM4,Cable Kit,Unlimited,0,Unlimited,Selection constraint for Premier Flex OM4: no max,QK737A,Standard,HPE Premier Flex LC/LC Multi-mode OM4 2 Fiber 50m Cable,0,$415.00,,NA,,Unknown,Available,,Not published by OCA,Active,03/03/2017,11/30/2028,"{""Extended Price (USD)"":""NA""}",ATTRIBUTE_CHANGED,$415.00,$0.00,$0.00,"$2,026.00"
Cables & Enablement Kits,Premier Flex OM4,HPE OCA > SN3600B FC > Cables & Enablement Kits > Premier Flex OM4,Cable Kit,Unlimited,0,Unlimited,Selection constraint for Premier Flex OM4: no max,QK729A,Standard,HPE Premier Flex MPO12/MPO12 Multi-mode OM4 10m Fiber Cable,0,$719.00,,NA,,Unknown,Available,,Not published by OCA,Active,03/03/2017,11/30/2028,"{""Extended Price (USD)"":""NA""}",PRICE_AND_ATTRIBUTE_CHANGED,N/A,$719.00,$0.00,2026-09-21: (no price) → 2026-09-22: $719.00
Cables & Enablement Kits,Premier Flex OM4,HPE OCA > SN3600B FC > Cables & Enablement Kits > Premier Flex OM4,Cable Kit,Unlimited,0,Unlimited,Selection constraint for Premier Flex OM4: no max,QK733A,Standard,HPE Premier Flex LC/LC Multi-mode OM4 2 Fiber 2m Cable,0,$130.00,,NA,,Unknown,Available,,Not published by OCA,Active,03/03/2017,11/30/2028,"{""Extended Price (USD)"":""NA""}",ATTRIBUTE_CHANGED,$130.00,$0.00,$0.00,"$2,026.00"
Cables & Enablement Kits,Premier Flex OM4,HPE OCA > SN3600B FC > Cables & Enablement Kits > Premier Flex OM4,Cable Kit,Unlimited,0,Unlimited,Selection constraint for Premier Flex OM4: no max,QK734A,Standard,HPE Premier Flex LC/LC Multi-mode OM4 2 Fiber 5m Cable,0,$147.00,,NA,,Unknown,Available,,Not published by OCA,Active,03/03/2017,11/30/2028,"{""Extended Price (USD)"":""NA""}",ATTRIBUTE_CHANGED,$147.00,$0.00,$0.00,"$2,026.00"
Cables & Enablement Kits,Premier Flex OM4,HPE OCA > SN3600B FC > Cables & Enablement Kits > Premier Flex OM4,Cable Kit,Unlimited,0,Unlimited,Selection constraint for Premier Flex OM4: no max,QK735A,Standard,HPE Premier Flex LC/LC Multi-mode OM4 2 Fiber 15m Cable,8,$195.00,,"$1,560.00",,Unknown,Available,,Not published by OCA,Active,03/03/2017,11/30/2028,"{""Extended Price (USD)"":""1,560.00""}",ATTRIBUTE_CHANGED,$195.00,$0.00,$0.00,"$2,026.00"
Cables & Enablement Kits,Premier Flex OM4,HPE OCA > SN3600B FC > Cables & Enablement Kits > Premier Flex OM4,Cable Kit,Unlimited,0,Unlimited,Selection constraint for Premier Flex OM4: no max,QK736A,Standard,HPE Premier Flex LC/LC Multi-mode OM4 2 Fiber 30m Cable,0,$239.00,,NA,,Unknown,Available,,Not published by OCA,Active,03/03/2017,11/30/2028,"{""Extended Price (USD)"":""NA""}",ATTRIBUTE_CHANGED,$239.00,$0.00,$0.00,"$2,026.00"
Software & Licenses,Port Upgrade Licenses,HPE OCA > SN3600B FC > Software & Licenses > Port Upgrade Licenses,Operating System / License,Unlimited,0,Unlimited,Selection constraint for Port Upgrade Licenses: no max,Q1Z11BAE,Standard,HPE SN3600B Power Pack+ Upgrade E-LTU,0,"$11,806.00",,NA,,Unknown,Available,,Not published by OCA,Active,10/01/2018,10/31/2028,"{""Extended Price (USD)"":""NA""}",PRICE_AND_ATTRIBUTE_CHANGED,N/A,"$11,806.00",$0.00,2026-09-21: (no price) → 2026-09-22: $11806.00