Main Category	Sub-Category	Hierarchy Path	Component Role	Constraint Text	Subcategory Min Qty	Subcategory Max Qty	Table Rule/Note	Product #	Option Type	Description	Current Qty	Unit Price (USD)	Price Delta (USD)	Extended Price (USD)	Price per GB (USD)	HPE Recommended	Availability	Lead Time	Lead Time Source	Lifecycle Status	Start Date	Discontinued Date	Vendor Attributes (JSON)	Diff Status	Previous List Price (USD)	Price Change (USD)	Price Change (%)	Price History Trail
Chassis	Variants	HPE OCA > OCA Solution > Chassis > Variants	Base Chassis	min 1, max 1	1	1	Base chassis captured from the active OCA configuration summary	Q2R41A	CTO	HPE StoreEver MSL3040 Tape Library Base Module CTO Chassis	1	4500.00				Yes				Active				ATTRIBUTE_CHANGED	4500.00	$0.00	0.00%	2026-09-09: $4500.00
Accessories & Infrastructure	Encryption Kit	HPE OCA > OCA Solution > Accessories & Infrastructure > Encryption Kit	Chassis Infrastructure	max 999	0	999	Selection constraint for Encryption Kit: max 999	AM495A	Standard	2,500.00	0	10/23/2017		09/30/2027		No				Active	10/23/2017	09/30/2027		PRICE_AND_ATTRIBUTE_CHANGED	2500.00	+$10229517.00	+409180.68%	2026-09-09: $10232017.00
Accessories & Infrastructure	Encryption Kit	HPE OCA > OCA Solution > Accessories & Infrastructure > Encryption Kit	Discontinued Hardware	max 999	0	999	Selection constraint for Encryption Kit: max 999	469776-715	CTO	[REMOVED SKU] HPE Add Generic Packaging Kit	0	1.00	-	0.00	-	No					2026-09-09	2026-09-09		REMOVED	1.00	-$1.00	-100.00%	2026-09-09: $1.00 (✕ REMOVED)
Accessories & Infrastructure	Encryption Kit	HPE OCA > OCA Solution > Accessories & Infrastructure > Encryption Kit	Discontinued Hardware	max 999	0	999	Selection constraint for Encryption Kit: max 999	HA453A1-001	CTO	[REMOVED SKU] HPE FE Proliant Svr Pkg 3 SVC	0	205.00	-	0.00	-	No					2026-09-09	2026-09-09		REMOVED	205.00	-$205.00	-100.00%	2026-09-09: $205.00 (✕ REMOVED)
Accessories & Infrastructure	Encryption Kit	HPE OCA > OCA Solution > Accessories & Infrastructure > Encryption Kit	Discontinued Hardware	max 999	0	999	Selection constraint for Encryption Kit: max 999	HA453A1-003	CTO	[REMOVED SKU] HPE FE Multi-node Svr Pkg 3 SVC	0	315.00	-	0.00	-	No					2026-09-09	2026-09-09		REMOVED	315.00	-$315.00	-100.00%	2026-09-09: $315.00 (✕ REMOVED)
Accessories & Infrastructure	Encryption Kit	HPE OCA > OCA Solution > Accessories & Infrastructure > Encryption Kit	Discontinued Hardware	max 999	0	999	Selection constraint for Encryption Kit: max 999	HA453A1-023	CTO	[REMOVED SKU] HPE FE High End Storage Pkg 3 SVC	0	384.00	-	0.00	-	No					2026-09-09	2026-09-09		REMOVED	384.00	-$384.00	-100.00%	2026-09-09: $384.00 (✕ REMOVED)
Accessories & Infrastructure	Encryption Kit	HPE OCA > OCA Solution > Accessories & Infrastructure > Encryption Kit	Discontinued Hardware	max 999	0	999	Selection constraint for Encryption Kit: max 999	ZU706A	CTO	[REMOVED SKU] HPE Server Customization Package	0	149.00	-	0.00	-	No					2026-09-09	2026-09-09		REMOVED	149.00	-$149.00	-100.00%	2026-09-09: $149.00 (✕ REMOVED)
Accessories & Infrastructure	Encryption Kit	HPE OCA > OCA Solution > Accessories & Infrastructure > Encryption Kit	Discontinued Hardware	max 999	0	999	Selection constraint for Encryption Kit: max 999	ZU723A	CTO	[REMOVED SKU] HPE Customization Service	0	110.00	-	0.00	-	No					2026-09-09	2026-09-09		REMOVED	110.00	-$110.00	-100.00%	2026-09-09: $110.00 (✕ REMOVED)
Power Supplies	Power Supply	HPE OCA > OCA Solution > Power Supplies > Power Supply	Power Supply	min 1, max 1	1	1	Selection constraint for Power Supply: max 1	Q6Q64A	Standard	780.00	0	12/04/2017		09/30/2031		No				Active	12/04/2017	09/30/2031		PRICE_AND_ATTRIBUTE_CHANGED	780.00	+$12041237.00	+1543748.33%	2026-09-09: $12042017.00
Cables & Enablement Kits	FibreChannel Cables	HPE OCA > OCA Solution > Cables & Enablement Kits > FibreChannel Cables	Cable Kit	max 999	0	999	Selection constraint for FibreChannel Cables: max 999	AJ838A	Standard	208.00	0	0		10/23/2017		11/30/2028				Active	10/23/2017	11/30/2028		PRICE_AND_ATTRIBUTE_CHANGED	208.00	$-208.00	-100.00%	2026-09-09: (no price)
Cables & Enablement Kits	FibreChannel Cables	HPE OCA > OCA Solution > Cables & Enablement Kits > FibreChannel Cables	Cable Kit	max 999	0	999	Selection constraint for FibreChannel Cables: max 999	AJ836A	Standard	115.00	0	0		10/23/2017		11/30/2028				Active	10/23/2017	11/30/2028		PRICE_AND_ATTRIBUTE_CHANGED	115.00	$-115.00	-100.00%	2026-09-09: (no price)
Cables & Enablement Kits	FibreChannel Cables	HPE OCA > OCA Solution > Cables & Enablement Kits > FibreChannel Cables	Cable Kit	max 999	0	999	Selection constraint for FibreChannel Cables: max 999	AJ839A	Standard	253.00	0	0		10/23/2017		11/30/2028				Active	10/23/2017	11/30/2028		PRICE_AND_ATTRIBUTE_CHANGED	253.00	$-253.00	-100.00%	2026-09-09: (no price)
Cables & Enablement Kits	FibreChannel Cables	HPE OCA > OCA Solution > Cables & Enablement Kits > FibreChannel Cables	Cable Kit	max 999	0	999	Selection constraint for FibreChannel Cables: max 999	QK732A	Standard	115.00	0	0		10/23/2017		11/30/2028				Active	10/23/2017	11/30/2028		PRICE_AND_ATTRIBUTE_CHANGED	115.00	$-115.00	-100.00%	2026-09-09: (no price)
Cables & Enablement Kits	FibreChannel Cables	HPE OCA > OCA Solution > Cables & Enablement Kits > FibreChannel Cables	Cable Kit	max 999	0	999	Selection constraint for FibreChannel Cables: max 999	QK737A	Standard	415.00	0	0		10/23/2017		11/30/2028				Active	10/23/2017	11/30/2028		PRICE_AND_ATTRIBUTE_CHANGED	415.00	$-415.00	-100.00%	2026-09-09: (no price)
Cables & Enablement Kits	FibreChannel Cables	HPE OCA > OCA Solution > Cables & Enablement Kits > FibreChannel Cables	Cable Kit	max 999	0	999	Selection constraint for FibreChannel Cables: max 999	AJ837A	Standard	162.00	0	0		10/23/2017		11/30/2028				Active	10/23/2017	11/30/2028		PRICE_AND_ATTRIBUTE_CHANGED	162.00	$-162.00	-100.00%	2026-09-09: (no price)
Cables & Enablement Kits	FibreChannel Cables	HPE OCA > OCA Solution > Cables & Enablement Kits > FibreChannel Cables	Cable Kit	max 999	0	999	Selection constraint for FibreChannel Cables: max 999	QK735A	Standard	195.00	0	0		10/23/2017		11/30/2028				Active	10/23/2017	11/30/2028		PRICE_AND_ATTRIBUTE_CHANGED	195.00	$-195.00	-100.00%	2026-09-09: (no price)
Cables & Enablement Kits	FibreChannel Cables	HPE OCA > OCA Solution > Cables & Enablement Kits > FibreChannel Cables	Cable Kit	max 999	0	999	Selection constraint for FibreChannel Cables: max 999	QK733A	Standard	130.00	0	0		10/23/2017		11/30/2028				Active	10/23/2017	11/30/2028		PRICE_AND_ATTRIBUTE_CHANGED	130.00	$-130.00	-100.00%	2026-09-09: (no price)
Cables & Enablement Kits	FibreChannel Cables	HPE OCA > OCA Solution > Cables & Enablement Kits > FibreChannel Cables	Cable Kit	max 999	0	999	Selection constraint for FibreChannel Cables: max 999	QK736A	Standard	239.00	0	0		10/23/2017		11/30/2028				Active	10/23/2017	11/30/2028		PRICE_AND_ATTRIBUTE_CHANGED	239.00	$-239.00	-100.00%	2026-09-09: (no price)
Cables & Enablement Kits	FibreChannel Cables	HPE OCA > OCA Solution > Cables & Enablement Kits > FibreChannel Cables	Cable Kit	max 999	0	999	Selection constraint for FibreChannel Cables: max 999	QK734A	Standard	147.00	0	0		10/23/2017		11/30/2028				Active	10/23/2017	11/30/2028		PRICE_AND_ATTRIBUTE_CHANGED	147.00	$-147.00	-100.00%	2026-09-09: (no price)
Drive Enclosures / Drives	SAS Cables	HPE OCA > OCA Solution > Drive Enclosures / Drives > SAS Cables	Drive Cage / Drive	max 999	0	999	Selection constraint for SAS Cables: max 999	716191-B21	Standard	221.00	0	0		10/23/2017		08/31/2030				Active	10/23/2017	08/31/2030		PRICE_AND_ATTRIBUTE_CHANGED	221.00	$-221.00	-100.00%	2026-09-09: (no price)
Drive Enclosures / Drives	SAS Cables	HPE OCA > OCA Solution > Drive Enclosures / Drives > SAS Cables	Drive Cage / Drive	max 999	0	999	Selection constraint for SAS Cables: max 999	716193-B21	Standard	324.00	0	0		10/23/2017		08/31/2030				Active	10/23/2017	08/31/2030		PRICE_AND_ATTRIBUTE_CHANGED	324.00	$-324.00	-100.00%	2026-09-09: (no price)
Drive Enclosures / Drives	SAS Cables	HPE OCA > OCA Solution > Drive Enclosures / Drives > SAS Cables	Drive Cage / Drive	max 999	0	999	Selection constraint for SAS Cables: max 999	K2R10A	Standard	501.00	0	0		10/23/2017		05/31/2027				Active	10/23/2017	05/31/2027		PRICE_AND_ATTRIBUTE_CHANGED	501.00	$-501.00	-100.00%	2026-09-09: (no price)
Drive Enclosures / Drives	SAS Cables	HPE OCA > OCA Solution > Drive Enclosures / Drives > SAS Cables	Drive Cage / Drive	max 999	0	999	Selection constraint for SAS Cables: max 999	AE470A	Standard	78.00	0	0		10/23/2017		05/31/2022				Obsolete (OB)	10/23/2017	05/31/2022		PRICE_AND_ATTRIBUTE_CHANGED	78.00	$-78.00	-100.00%	2026-09-09: (no price)
Drive Enclosures / Drives	SAS Cables	HPE OCA > OCA Solution > Drive Enclosures / Drives > SAS Cables	Drive Cage / Drive	max 999	0	999	Selection constraint for SAS Cables: max 999	AE465A	Standard	110.00	0	0		10/23/2017		01/31/2022				Obsolete (OB)	10/23/2017	01/31/2022		PRICE_AND_ATTRIBUTE_CHANGED	110.00	$-110.00	-100.00%	2026-09-09: (no price)
Drive Enclosures / Drives	SAS Cables	HPE OCA > OCA Solution > Drive Enclosures / Drives > SAS Cables	Drive Cage / Drive	max 999	0	999	Selection constraint for SAS Cables: max 999	AN975A	Standard	264.00	0	0		10/23/2017		08/31/2025				Obsolete (OB)	10/23/2017	08/31/2025		PRICE_AND_ATTRIBUTE_CHANGED	264.00	$-264.00	-100.00%	2026-09-09: (no price)
Drive Enclosures / Drives	SAS Cables	HPE OCA > OCA Solution > Drive Enclosures / Drives > SAS Cables	Drive Cage / Drive	max 999	0	999	Selection constraint for SAS Cables: max 999	AN976A	Standard	410.00	0	0		10/23/2017		08/31/2025				Obsolete (OB)	10/23/2017	08/31/2025		PRICE_AND_ATTRIBUTE_CHANGED	410.00	$-410.00	-100.00%	2026-09-09: (no price)
Drive Enclosures / Drives	SAS Cables	HPE OCA > OCA Solution > Drive Enclosures / Drives > SAS Cables	Drive Cage / Drive	max 999	0	999	Selection constraint for SAS Cables: max 999	K2R09A	Standard	358.00	0	0		10/23/2017		05/31/2027				Active	10/23/2017	05/31/2027		PRICE_AND_ATTRIBUTE_CHANGED	358.00	$-358.00	-100.00%	2026-09-09: (no price)
Drive Enclosures / Drives	SAS Cables	HPE OCA > OCA Solution > Drive Enclosures / Drives > SAS Cables	Drive Cage / Drive	max 999	0	999	Selection constraint for SAS Cables: max 999	716197-B21	Standard	Description	0	0		Extended Price (USD)		HPE Recommended				Active	10/23/2017	08/31/2030		PRICE_AND_ATTRIBUTE_CHANGED	177.00	$-177.00	-100.00%	2026-09-09: (no price)
Drive Enclosures / Drives	SAS Cables	HPE OCA > OCA Solution > Drive Enclosures / Drives > SAS Cables	Drive Cage / Drive	max 999	0	999	Selection constraint for SAS Cables: max 999	716199-B21	Standard	287.00	0	0		10/23/2017		08/31/2030				Active	10/23/2017	08/31/2030		PRICE_AND_ATTRIBUTE_CHANGED	287.00	$-287.00	-100.00%	2026-09-09: (no price)
Drive Enclosures / Drives	SAS Cables	HPE OCA > OCA Solution > Drive Enclosures / Drives > SAS Cables	Drive Cage / Drive	max 999	0	999	Selection constraint for SAS Cables: max 999	P35176-B21	Standard	206.00	0	0		01/10/2022		08/31/2030				Active	01/10/2022	08/31/2030		PRICE_AND_ATTRIBUTE_CHANGED	206.00	$-206.00	-100.00%	2026-09-09: (no price)
Drive Enclosures / Drives	SAS Cables	HPE OCA > OCA Solution > Drive Enclosures / Drives > SAS Cables	Drive Cage / Drive	max 999	0	999	Selection constraint for SAS Cables: max 999	P35175-B21	Standard	369.00	0	0		01/10/2022		08/31/2030				Active	01/10/2022	08/31/2030		PRICE_AND_ATTRIBUTE_CHANGED	369.00	$-369.00	-100.00%	2026-09-09: (no price)
Accessories & Infrastructure	Expansion Modules	HPE OCA > OCA Solution > Accessories & Infrastructure > Expansion Modules	Chassis Infrastructure	max 15	0	15	Selection constraint for Expansion Modules: max 15	Q6Q63A	Standard	7,275.00	0	12/04/2017		09/30/2031		No				Active	12/04/2017	09/30/2031		PRICE_AND_ATTRIBUTE_CHANGED	7275.00	+$12034742.00	+165426.01%	2026-09-09: $12042017.00
Accessories & Infrastructure	Storage Media	HPE OCA > OCA Solution > Accessories & Infrastructure > Storage Media	Chassis Infrastructure	max 999	0	999	Selection constraint for Storage Media: max 999	C7973A	Standard	61.35	0	10/23/2017		10/31/2018		No				Obsolete (OB)	10/23/2017	10/31/2018		PRICE_AND_ATTRIBUTE_CHANGED	61.35	+$10231955.65	+16678004.32%	2026-09-09: $10232017.00
Accessories & Infrastructure	Storage Media	HPE OCA > OCA Solution > Accessories & Infrastructure > Storage Media	Chassis Infrastructure	max 999	0	999	Selection constraint for Storage Media: max 999	C7973W	Standard	HPE ProLiant Server Option (C7973W)	0	10/23/2017		10/31/2018		No				Obsolete (OB)	10/23/2017	10/31/2018		PRICE_AND_ATTRIBUTE_CHANGED	N/A	+$10232017.00	0.00%	2026-09-09: $10232017.00
Accessories & Infrastructure	Storage Media	HPE OCA > OCA Solution > Accessories & Infrastructure > Storage Media	Chassis Infrastructure	max 999	0	999	Selection constraint for Storage Media: max 999	C7973AL	Standard	HPE ProLiant Server Option (C7973AL)	0	10/31/2018		10/31/2018		No				Obsolete (OB)	10/31/2018	10/31/2018		PRICE_AND_ATTRIBUTE_CHANGED	N/A	+$10312018.00	0.00%	2026-09-09: $10312018.00
Accessories & Infrastructure	Storage Media	HPE OCA > OCA Solution > Accessories & Infrastructure > Storage Media	Chassis Infrastructure	max 999	0	999	Selection constraint for Storage Media: max 999	C7974AN	Standard	695.91	0	10/23/2017		01/31/2023		No				Obsolete (OB)	10/23/2017	01/31/2023		PRICE_AND_ATTRIBUTE_CHANGED	695.91	+$10231321.09	+1470207.51%	2026-09-09: $10232017.00
Accessories & Infrastructure	Storage Media	HPE OCA > OCA Solution > Accessories & Infrastructure > Storage Media	Chassis Infrastructure	max 999	0	999	Selection constraint for Storage Media: max 999	C7974AL	Standard	1,182.63	0	10/31/2018		04/28/2022		No				Obsolete (OB)	10/31/2018	04/28/2022		PRICE_AND_ATTRIBUTE_CHANGED	1182.63	+$10310835.37	+871856.40%	2026-09-09: $10312018.00
Accessories & Infrastructure	Storage Media	HPE OCA > OCA Solution > Accessories & Infrastructure > Storage Media	Chassis Infrastructure	max 999	0	999	Selection constraint for Storage Media: max 999	Q2009A	Standard	197.87	0	10/23/2017		05/31/2022		No				Obsolete (OB)	10/23/2017	05/31/2022		PRICE_AND_ATTRIBUTE_CHANGED	197.87	+$10231819.13	+5170980.51%	2026-09-09: $10232017.00
Accessories & Infrastructure	Storage Media	HPE OCA > OCA Solution > Accessories & Infrastructure > Storage Media	Chassis Infrastructure	max 999	0	999	Selection constraint for Storage Media: max 999	Q2010A	Standard	199.05	0	10/23/2017		01/31/2024		No				Obsolete (OB)	10/23/2017	01/31/2024		PRICE_AND_ATTRIBUTE_CHANGED	199.05	+$10231817.95	+5140325.52%	2026-09-09: $10232017.00
Accessories & Infrastructure	Storage Media	HPE OCA > OCA Solution > Accessories & Infrastructure > Storage Media	Chassis Infrastructure	max 999	0	999	Selection constraint for Storage Media: max 999	C7975AL	Standard	929.43	0	10/23/2017		03/15/2025		No				Obsolete (OB)	10/23/2017	03/15/2025		PRICE_AND_ATTRIBUTE_CHANGED	929.43	+$10231087.57	+1100791.62%	2026-09-09: $10232017.00
Accessories & Infrastructure	Storage Media	HPE OCA > OCA Solution > Accessories & Infrastructure > Storage Media	Chassis Infrastructure	max 999	0	999	Selection constraint for Storage Media: max 999	C7975AA	Standard	HPE ProLiant Server Option (C7975AA)	0	12/03/2018		03/15/2025		No				Obsolete (OB)	12/03/2018	03/15/2025		PRICE_AND_ATTRIBUTE_CHANGED	N/A	+$12032018.00	0.00%	2026-09-09: $12032018.00
Accessories & Infrastructure	Storage Media	HPE OCA > OCA Solution > Accessories & Infrastructure > Storage Media	Chassis Infrastructure	max 999	0	999	Selection constraint for Storage Media: max 999	C7975A	Standard	46.46	0	10/23/2017		07/31/2026		No				Direct Ship (DS)	10/23/2017	07/31/2026		PRICE_AND_ATTRIBUTE_CHANGED	46.46	+$10231970.54	+22023182.39%	2026-09-09: $10232017.00
Accessories & Infrastructure	Storage Media	HPE OCA > OCA Solution > Accessories & Infrastructure > Storage Media	Chassis Infrastructure	max 999	0	999	Selection constraint for Storage Media: max 999	C7975W	Standard	53.12	0	10/23/2017		11/30/2023		No				Obsolete (OB)	10/23/2017	11/30/2023		PRICE_AND_ATTRIBUTE_CHANGED	53.12	+$10231963.88	+19261980.20%	2026-09-09: $10232017.00
Accessories & Infrastructure	Storage Media	HPE OCA > OCA Solution > Accessories & Infrastructure > Storage Media	Chassis Infrastructure	max 999	0	999	Selection constraint for Storage Media: max 999	C7975AN	Standard	929.43	0	10/23/2017		12/23/2025		No				Obsolete (OB)	10/23/2017	12/23/2025		PRICE_AND_ATTRIBUTE_CHANGED	929.43	+$10231087.57	+1100791.62%	2026-09-09: $10232017.00
Accessories & Infrastructure	Storage Media	HPE OCA > OCA Solution > Accessories & Infrastructure > Storage Media	Chassis Infrastructure	max 999	0	999	Selection constraint for Storage Media: max 999	Q2011A	Standard	92.99	0	10/23/2017		07/31/2026		No				Direct Ship (DS)	10/23/2017	07/31/2026		PRICE_AND_ATTRIBUTE_CHANGED	92.99	+$10231924.01	+11003251.97%	2026-09-09: $10232017.00
Accessories & Infrastructure	Storage Media	HPE OCA > OCA Solution > Accessories & Infrastructure > Storage Media	Chassis Infrastructure	max 999	0	999	Selection constraint for Storage Media: max 999	Q2012A	Standard	199.05	0	10/23/2017		02/28/2024		No				Obsolete (OB)	10/23/2017	02/28/2024		PRICE_AND_ATTRIBUTE_CHANGED	199.05	+$10231817.95	+5140325.52%	2026-09-09: $10232017.00
Accessories & Infrastructure	Storage Media	HPE OCA > OCA Solution > Accessories & Infrastructure > Storage Media	Chassis Infrastructure	max 999	0	999	Selection constraint for Storage Media: max 999	C7976BL	Standard	1,146.39	0	10/23/2017		03/15/2025		No				Obsolete (OB)	10/23/2017	03/15/2025		PRICE_AND_ATTRIBUTE_CHANGED	1146.39	+$10230870.61	+892442.42%	2026-09-09: $10232017.00
Accessories & Infrastructure	Storage Media	HPE OCA > OCA Solution > Accessories & Infrastructure > Storage Media	Chassis Infrastructure	max 999	0	999	Selection constraint for Storage Media: max 999	C7976B	Standard	57.32	0	10/23/2017		07/07/2025		No				Obsolete (OB)	10/23/2017	07/07/2025		PRICE_AND_ATTRIBUTE_CHANGED	57.32	+$10231959.68	+17850592.60%	2026-09-09: $10232017.00
Accessories & Infrastructure	Storage Media	HPE OCA > OCA Solution > Accessories & Infrastructure > Storage Media	Chassis Infrastructure	max 999	0	999	Selection constraint for Storage Media: max 999	C7976BN	Standard	1,293.13	0	10/23/2017		04/20/2026		No				Obsolete (OB)	10/23/2017	04/20/2026		PRICE_AND_ATTRIBUTE_CHANGED	1293.13	+$10230723.87	+791159.73%	2026-09-09: $10232017.00
Accessories & Infrastructure	Storage Media	HPE OCA > OCA Solution > Accessories & Infrastructure > Storage Media	Chassis Infrastructure	max 999	0	999	Selection constraint for Storage Media: max 999	C7976BW	Standard	86.76	0	10/23/2017		04/20/2026		No				Obsolete (OB)	10/23/2017	04/20/2026		PRICE_AND_ATTRIBUTE_CHANGED	86.76	+$10231930.24	+11793372.80%	2026-09-09: $10232017.00
Accessories & Infrastructure	Storage Media	HPE OCA > OCA Solution > Accessories & Infrastructure > Storage Media	Chassis Infrastructure	max 999	0	999	Selection constraint for Storage Media: max 999	C7976AF	Standard	HPE ProLiant Server Option (C7976AF)	0	10/23/2017		10/31/2018		No				Obsolete (OB)	10/23/2017	10/31/2018		PRICE_AND_ATTRIBUTE_CHANGED	N/A	+$10232017.00	0.00%	2026-09-09: $10232017.00
Accessories & Infrastructure	Storage Media	HPE OCA > OCA Solution > Accessories & Infrastructure > Storage Media	Chassis Infrastructure	max 999	0	999	Selection constraint for Storage Media: max 999	C7976AA	Standard	HPE ProLiant Server Option (C7976AA)	0	12/03/2018		09/30/2031		No				Active	12/03/2018	09/30/2031		PRICE_AND_ATTRIBUTE_CHANGED	N/A	+$12032018.00	0.00%	2026-09-09: $12032018.00
Accessories & Infrastructure	Storage Media	HPE OCA > OCA Solution > Accessories & Infrastructure > Storage Media	Chassis Infrastructure	max 999	0	999	Selection constraint for Storage Media: max 999	C7976AC	Standard	1,530.46	0	10/23/2017		09/30/2031		No				Active	10/23/2017	09/30/2031		PRICE_AND_ATTRIBUTE_CHANGED	1530.46	+$10230486.54	+668458.28%	2026-09-09: $10232017.00
Accessories & Infrastructure	Storage Media	HPE OCA > OCA Solution > Accessories & Infrastructure > Storage Media	Chassis Infrastructure	max 999	0	999	Selection constraint for Storage Media: max 999	C7976AL	Standard	1,530.47	0	10/23/2017		09/30/2031		No				Active	10/23/2017	09/30/2031		PRICE_AND_ATTRIBUTE_CHANGED	1530.47	+$10230486.53	+668453.91%	2026-09-09: $10232017.00
Accessories & Infrastructure	Storage Media	HPE OCA > OCA Solution > Accessories & Infrastructure > Storage Media	Chassis Infrastructure	max 999	0	999	Selection constraint for Storage Media: max 999	C7976A	Standard	76.53	0	10/23/2017		09/30/2031		No				Active	10/23/2017	09/30/2031		PRICE_AND_ATTRIBUTE_CHANGED	76.53	+$10231940.47	+13369842.51%	2026-09-09: $10232017.00
Accessories & Infrastructure	Storage Media	HPE OCA > OCA Solution > Accessories & Infrastructure > Storage Media	Chassis Infrastructure	max 999	0	999	Selection constraint for Storage Media: max 999	C7976AN	Standard	1,530.47	0	10/23/2017		09/30/2031		No				Active	10/23/2017	09/30/2031		PRICE_AND_ATTRIBUTE_CHANGED	1530.47	+$10230486.53	+668453.91%	2026-09-09: $10232017.00
Accessories & Infrastructure	Storage Media	HPE OCA > OCA Solution > Accessories & Infrastructure > Storage Media	Chassis Infrastructure	max 999	0	999	Selection constraint for Storage Media: max 999	C7976WL	Standard	2,176.50	0	10/23/2017		09/30/2031		No				Active	10/23/2017	09/30/2031		PRICE_AND_ATTRIBUTE_CHANGED	2176.50	+$10229840.50	+470013.35%	2026-09-09: $10232017.00
Accessories & Infrastructure	Storage Media	HPE OCA > OCA Solution > Accessories & Infrastructure > Storage Media	Chassis Infrastructure	max 999	0	999	Selection constraint for Storage Media: max 999	C7976W	Standard	108.82	0	10/23/2017		09/30/2031		No				Active	10/23/2017	09/30/2031		PRICE_AND_ATTRIBUTE_CHANGED	108.82	+$10231908.18	+9402598.95%	2026-09-09: $10232017.00
Accessories & Infrastructure	Storage Media	HPE OCA > OCA Solution > Accessories & Infrastructure > Storage Media	Chassis Infrastructure	max 999	0	999	Selection constraint for Storage Media: max 999	Q2013A	Standard	92.99	0	10/23/2017		09/30/2031		No				Active	10/23/2017	09/30/2031		PRICE_AND_ATTRIBUTE_CHANGED	92.99	+$10231924.01	+11003251.97%	2026-09-09: $10232017.00
Accessories & Infrastructure	Storage Media	HPE OCA > OCA Solution > Accessories & Infrastructure > Storage Media	Chassis Infrastructure	max 999	0	999	Selection constraint for Storage Media: max 999	C7977AH	Standard	2,205.96	0	10/23/2017		10/31/2036		No				Active	10/23/2017	10/31/2036		PRICE_AND_ATTRIBUTE_CHANGED	2205.96	+$10229811.04	+463735.11%	2026-09-09: $10232017.00
Accessories & Infrastructure	Storage Media	HPE OCA > OCA Solution > Accessories & Infrastructure > Storage Media	Chassis Infrastructure	max 999	0	999	Selection constraint for Storage Media: max 999	C7977A	Standard	110.30	0	10/23/2017		10/31/2036		No				Active	10/23/2017	10/31/2036		PRICE_AND_ATTRIBUTE_CHANGED	110.30	+$10231906.70	+9276434.00%	2026-09-09: $10232017.00
Accessories & Infrastructure	Storage Media	HPE OCA > OCA Solution > Accessories & Infrastructure > Storage Media	Chassis Infrastructure	max 999	0	999	Selection constraint for Storage Media: max 999	C7977AN	Standard	2,205.96	0	10/23/2017		10/31/2036		No				Active	10/23/2017	10/31/2036		PRICE_AND_ATTRIBUTE_CHANGED	2205.96	+$10229811.04	+463735.11%	2026-09-09: $10232017.00
Accessories & Infrastructure	Storage Media	HPE OCA > OCA Solution > Accessories & Infrastructure > Storage Media	Chassis Infrastructure	max 999	0	999	Selection constraint for Storage Media: max 999	C7977AF	Standard	HPE ProLiant Server Option (C7977AF)	0	10/23/2017		10/31/2018		No				Obsolete (OB)	10/23/2017	10/31/2018		PRICE_AND_ATTRIBUTE_CHANGED	N/A	+$10232017.00	0.00%	2026-09-09: $10232017.00
Accessories & Infrastructure	Storage Media	HPE OCA > OCA Solution > Accessories & Infrastructure > Storage Media	Chassis Infrastructure	max 999	0	999	Selection constraint for Storage Media: max 999	Q2014A	Standard	92.99	0	10/23/2017		10/31/2036		No				Active	10/23/2017	10/31/2036		PRICE_AND_ATTRIBUTE_CHANGED	92.99	+$10231924.01	+11003251.97%	2026-09-09: $10232017.00
Accessories & Infrastructure	Storage Media	HPE OCA > OCA Solution > Accessories & Infrastructure > Storage Media	Chassis Infrastructure	max 999	0	999	Selection constraint for Storage Media: max 999	C7977AL	Standard	2,205.96	0	10/23/2017		10/31/2036		No				Active	10/23/2017	10/31/2036		PRICE_AND_ATTRIBUTE_CHANGED	2205.96	+$10229811.04	+463735.11%	2026-09-09: $10232017.00
Accessories & Infrastructure	Storage Media	HPE OCA > OCA Solution > Accessories & Infrastructure > Storage Media	Chassis Infrastructure	max 999	0	999	Selection constraint for Storage Media: max 999	C7977AC	Standard	2,205.96	0	10/23/2017		10/31/2036		No				Active	10/23/2017	10/31/2036		PRICE_AND_ATTRIBUTE_CHANGED	2205.96	+$10229811.04	+463735.11%	2026-09-09: $10232017.00
Accessories & Infrastructure	Storage Media	HPE OCA > OCA Solution > Accessories & Infrastructure > Storage Media	Chassis Infrastructure	max 999	0	999	Selection constraint for Storage Media: max 999	Q2078MC	Standard	1,617.88	0	02/05/2018		07/01/2023		No				Obsolete (OB)	02/05/2018	07/01/2023		PRICE_AND_ATTRIBUTE_CHANGED	1617.88	+$2050400.12	+126733.76%	2026-09-09: $2052018.00
Accessories & Infrastructure	Storage Media	HPE OCA > OCA Solution > Accessories & Infrastructure > Storage Media	Chassis Infrastructure	max 999	0	999	Selection constraint for Storage Media: max 999	Q2078ML	Standard	1,617.88	0	02/05/2018		07/01/2023		No				Obsolete (OB)	02/05/2018	07/01/2023		PRICE_AND_ATTRIBUTE_CHANGED	1617.88	+$2050400.12	+126733.76%	2026-09-09: $2052018.00
Accessories & Infrastructure	Storage Media	HPE OCA > OCA Solution > Accessories & Infrastructure > Storage Media	Chassis Infrastructure	max 999	0	999	Selection constraint for Storage Media: max 999	Q2078MN	Standard	1,617.88	0	02/05/2018		07/01/2023		No				Obsolete (OB)	02/05/2018	07/01/2023		PRICE_AND_ATTRIBUTE_CHANGED	1617.88	+$2050400.12	+126733.76%	2026-09-09: $2052018.00
Accessories & Infrastructure	Storage Media	HPE OCA > OCA Solution > Accessories & Infrastructure > Storage Media	Chassis Infrastructure	max 999	0	999	Selection constraint for Storage Media: max 999	Q2016A	Standard	199.05	0	02/05/2018		07/01/2023		No				Obsolete (OB)	02/05/2018	07/01/2023		PRICE_AND_ATTRIBUTE_CHANGED	199.05	+$2051818.95	+1030805.80%	2026-09-09: $2052018.00
Accessories & Infrastructure	Storage Media	HPE OCA > OCA Solution > Accessories & Infrastructure > Storage Media	Chassis Infrastructure	max 999	0	999	Selection constraint for Storage Media: max 999	C7977WL	Standard	3,044.17	0	10/23/2017		10/31/2036		No				Active	10/23/2017	10/31/2036		PRICE_AND_ATTRIBUTE_CHANGED	3044.17	+$10228972.83	+336018.45%	2026-09-09: $10232017.00
Accessories & Infrastructure	Storage Media	HPE OCA > OCA Solution > Accessories & Infrastructure > Storage Media	Chassis Infrastructure	max 999	0	999	Selection constraint for Storage Media: max 999	C7977W	Standard	152.20	0	10/23/2017		10/31/2036		No				Active	10/23/2017	10/31/2036		PRICE_AND_ATTRIBUTE_CHANGED	152.20	+$10231864.80	+6722644.42%	2026-09-09: $10232017.00
Accessories & Infrastructure	Storage Media	HPE OCA > OCA Solution > Accessories & Infrastructure > Storage Media	Chassis Infrastructure	max 999	0	999	Selection constraint for Storage Media: max 999	Q2078AH	Standard	2,348.24	0	08/14/2019		10/31/2036		No				Active	08/14/2019	10/31/2036		PRICE_AND_ATTRIBUTE_CHANGED	2348.24	+$8139670.76	+346628.57%	2026-09-09: $8142019.00
Accessories & Infrastructure	Storage Media	HPE OCA > OCA Solution > Accessories & Infrastructure > Storage Media	Chassis Infrastructure	max 999	0	999	Selection constraint for Storage Media: max 999	Q2078AL	Standard	2,348.24	0	08/14/2019		10/31/2036		No				Active	08/14/2019	10/31/2036		PRICE_AND_ATTRIBUTE_CHANGED	2348.24	+$8139670.76	+346628.57%	2026-09-09: $8142019.00
Accessories & Infrastructure	Storage Media	HPE OCA > OCA Solution > Accessories & Infrastructure > Storage Media	Chassis Infrastructure	max 999	0	999	Selection constraint for Storage Media: max 999	Q2078AC	Standard	2,348.24	0	08/14/2019		10/31/2036		No				Active	08/14/2019	10/31/2036		PRICE_AND_ATTRIBUTE_CHANGED	2348.24	+$8139670.76	+346628.57%	2026-09-09: $8142019.00
Accessories & Infrastructure	Storage Media	HPE OCA > OCA Solution > Accessories & Infrastructure > Storage Media	Chassis Infrastructure	max 999	0	999	Selection constraint for Storage Media: max 999	Q2078A	Standard	117.43	0	08/14/2019		10/31/2036		No				Active	08/14/2019	10/31/2036		PRICE_AND_ATTRIBUTE_CHANGED	117.43	+$8141901.57	+6933408.47%	2026-09-09: $8142019.00
Accessories & Infrastructure	Storage Media	HPE OCA > OCA Solution > Accessories & Infrastructure > Storage Media	Chassis Infrastructure	max 999	0	999	Selection constraint for Storage Media: max 999	Q2078AN	Standard	2,348.24	0	08/14/2019		10/31/2036		No				Active	08/14/2019	10/31/2036		PRICE_AND_ATTRIBUTE_CHANGED	2348.24	+$8139670.76	+346628.57%	2026-09-09: $8142019.00
Accessories & Infrastructure	Storage Media	HPE OCA > OCA Solution > Accessories & Infrastructure > Storage Media	Chassis Infrastructure	max 999	0	999	Selection constraint for Storage Media: max 999	Q2078WL	Standard	3,240.72	0	08/14/2019		10/31/2036		No				Active	08/14/2019	10/31/2036		PRICE_AND_ATTRIBUTE_CHANGED	3240.72	+$8138778.28	+251141.05%	2026-09-09: $8142019.00
Accessories & Infrastructure	Storage Media	HPE OCA > OCA Solution > Accessories & Infrastructure > Storage Media	Chassis Infrastructure	max 999	0	999	Selection constraint for Storage Media: max 999	Q2078W	Standard	162.07	0	08/14/2019		10/31/2036		No				Active	08/14/2019	10/31/2036		PRICE_AND_ATTRIBUTE_CHANGED	162.07	+$8141856.93	+5023666.89%	2026-09-09: $8142019.00
Accessories & Infrastructure	Storage Media	HPE OCA > OCA Solution > Accessories & Infrastructure > Storage Media	Chassis Infrastructure	max 999	0	999	Selection constraint for Storage Media: max 999	Q2015A	Standard	92.99	0	12/04/2017		10/31/2036		No				Active	12/04/2017	10/31/2036		PRICE_AND_ATTRIBUTE_CHANGED	92.99	+$12041924.01	+12949697.83%	2026-09-09: $12042017.00
Accessories & Infrastructure	Storage Media	HPE OCA > OCA Solution > Accessories & Infrastructure > Storage Media	Chassis Infrastructure	max 999	0	999	Selection constraint for Storage Media: max 999	Q2079AH	Standard	2,911.01	0	09/07/2021		11/30/2030		No				Active	09/07/2021	11/30/2030		PRICE_AND_ATTRIBUTE_CHANGED	2911.01	+$9069109.99	+311545.13%	2026-09-09: $9072021.00
Accessories & Infrastructure	Storage Media	HPE OCA > OCA Solution > Accessories & Infrastructure > Storage Media	Chassis Infrastructure	max 999	0	999	Selection constraint for Storage Media: max 999	Q2079AL	Standard	2,911.01	0	09/07/2021		11/30/2030		No				Active	09/07/2021	11/30/2030		PRICE_AND_ATTRIBUTE_CHANGED	2911.01	+$9069109.99	+311545.13%	2026-09-09: $9072021.00
Accessories & Infrastructure	Storage Media	HPE OCA > OCA Solution > Accessories & Infrastructure > Storage Media	Chassis Infrastructure	max 999	0	999	Selection constraint for Storage Media: max 999	Q2079AC	Standard	2,911.01	0	09/07/2021		11/30/2030		No				Active	09/07/2021	11/30/2030		PRICE_AND_ATTRIBUTE_CHANGED	2911.01	+$9069109.99	+311545.13%	2026-09-09: $9072021.00
Accessories & Infrastructure	Storage Media	HPE OCA > OCA Solution > Accessories & Infrastructure > Storage Media	Chassis Infrastructure	max 999	0	999	Selection constraint for Storage Media: max 999	Q2079A	Standard	145.56	0	09/07/2021		11/30/2030		No				Active	09/07/2021	11/30/2030		PRICE_AND_ATTRIBUTE_CHANGED	145.56	+$9071875.44	+6232395.88%	2026-09-09: $9072021.00
Accessories & Infrastructure	Storage Media	HPE OCA > OCA Solution > Accessories & Infrastructure > Storage Media	Chassis Infrastructure	max 999	0	999	Selection constraint for Storage Media: max 999	Q2079AN	Standard	2,911.01	0	09/07/2021		11/30/2030		No				Active	09/07/2021	11/30/2030		PRICE_AND_ATTRIBUTE_CHANGED	2911.01	+$9069109.99	+311545.13%	2026-09-09: $9072021.00
Accessories & Infrastructure	Storage Media	HPE OCA > OCA Solution > Accessories & Infrastructure > Storage Media	Chassis Infrastructure	max 999	0	999	Selection constraint for Storage Media: max 999	Q2079WL	Standard	3,976.02	0	09/07/2021		11/30/2030		No				Active	09/07/2021	11/30/2030		PRICE_AND_ATTRIBUTE_CHANGED	3976.02	+$9068044.98	+228068.39%	2026-09-09: $9072021.00
Accessories & Infrastructure	Storage Media	HPE OCA > OCA Solution > Accessories & Infrastructure > Storage Media	Chassis Infrastructure	max 999	0	999	Selection constraint for Storage Media: max 999	Q2079W	Standard	198.80	0	09/07/2021		11/30/2030		No				Active	09/07/2021	11/30/2030		PRICE_AND_ATTRIBUTE_CHANGED	198.80	+$9071822.20	+4563290.85%	2026-09-09: $9072021.00
Accessories & Infrastructure	Storage Media	HPE OCA > OCA Solution > Accessories & Infrastructure > Storage Media	Chassis Infrastructure	max 999	0	999	Selection constraint for Storage Media: max 999	Q2017A	Standard	92.99	0	09/07/2021		11/30/2030		No				Active	09/07/2021	11/30/2030		PRICE_AND_ATTRIBUTE_CHANGED	92.99	+$9071928.01	+9755810.31%	2026-09-09: $9072021.00
Accessories & Infrastructure	Storage Media	HPE OCA > OCA Solution > Accessories & Infrastructure > Storage Media	Chassis Infrastructure	max 999	0	999	Selection constraint for Storage Media: max 999	C7972A	Standard	HPE ProLiant Server Option (C7972A)	0	10/23/2017		10/31/2017		No				Obsolete (OB)	10/23/2017	10/31/2017		PRICE_AND_ATTRIBUTE_CHANGED	N/A	+$10232017.00	0.00%	2026-09-09: $10232017.00
Accessories & Infrastructure	Storage Media	HPE OCA > OCA Solution > Accessories & Infrastructure > Storage Media	Chassis Infrastructure	max 999	0	999	Selection constraint for Storage Media: max 999	C7974A	Standard	58.24	0	10/23/2017		05/31/2022		No				Obsolete (OB)	10/23/2017	05/31/2022		PRICE_AND_ATTRIBUTE_CHANGED	58.24	+$10231958.76	+17568610.51%	2026-09-09: $10232017.00
Accessories & Infrastructure	Storage Media	HPE OCA > OCA Solution > Accessories & Infrastructure > Storage Media	Chassis Infrastructure	max 999	0	999	Selection constraint for Storage Media: max 999	C7974W	Standard	41.63	0	10/23/2017		01/31/2024		No				Obsolete (OB)	10/23/2017	01/31/2024		PRICE_AND_ATTRIBUTE_CHANGED	41.63	+$10231975.37	+24578369.85%	2026-09-09: $10232017.00
Accessories & Infrastructure	Storage Media	HPE OCA > OCA Solution > Accessories & Infrastructure > Storage Media	Chassis Infrastructure	max 999	0	999	Selection constraint for Storage Media: max 999	Q2007A	Standard	HPE ProLiant Server Option (Q2007A)	0	10/23/2017		10/31/2018		No				Obsolete (OB)	10/23/2017	10/31/2018		PRICE_AND_ATTRIBUTE_CHANGED	N/A	+$10232017.00	0.00%	2026-09-09: $10232017.00
Accessories & Infrastructure	Storage Media	HPE OCA > OCA Solution > Accessories & Infrastructure > Storage Media	Chassis Infrastructure	max 999	0	999	Selection constraint for Storage Media: max 999	Q2008A	Standard	HPE ProLiant Server Option (Q2008A)	0	10/23/2017		10/31/2018		No				Obsolete (OB)	10/23/2017	10/31/2018		PRICE_AND_ATTRIBUTE_CHANGED	N/A	+$10232017.00	0.00%	2026-09-09: $10232017.00
Accessories & Infrastructure	Storage Media	HPE OCA > OCA Solution > Accessories & Infrastructure > Storage Media	Chassis Infrastructure	max 999	0	999	Selection constraint for Storage Media: max 999	C7972AN	Standard	HPE ProLiant Server Option (C7972AN)	0	10/23/2017		12/31/2017		No				Obsolete (OB)	10/23/2017	12/31/2017		PRICE_AND_ATTRIBUTE_CHANGED	N/A	+$10232017.00	0.00%	2026-09-09: $10232017.00
Accessories & Infrastructure	Storage Media	HPE OCA > OCA Solution > Accessories & Infrastructure > Storage Media	Chassis Infrastructure	max 999	0	999	Selection constraint for Storage Media: max 999	C7973AN	Standard	HPE ProLiant Server Option (C7973AN)	0	10/23/2017		10/31/2018		No				Obsolete (OB)	10/23/2017	10/31/2018		PRICE_AND_ATTRIBUTE_CHANGED	N/A	+$10232017.00	0.00%	2026-09-09: $10232017.00
Accessories & Infrastructure	Storage Media	HPE OCA > OCA Solution > Accessories & Infrastructure > Storage Media	Chassis Infrastructure	max 999	0	999	Selection constraint for Storage Media: max 999	C7978A	Standard	77.62	0	10/23/2017		10/31/2036		No				Active	10/23/2017	10/31/2036		PRICE_AND_ATTRIBUTE_CHANGED	77.62	+$10231939.38	+13182091.45%	2026-09-09: $10232017.00
Accessories & Infrastructure	Encryption Kit	HPE OCA > OCA Solution > Accessories & Infrastructure > Encryption Kit	Chassis Infrastructure	max 999	0	999	Selection constraint for Encryption Kit: max 999	AM495A	Standard	HPE StoreEver 1/8 G2 Tape Autoloader and MSL Tape Library Encryption Kit	0	2500.00		NA		No				Active	10/23/2017	09/30/2027		ATTRIBUTE_CHANGED	2500.00	$0.00	0.00%	2026-09-09: $10232017.00
Power Supplies	Power Supply	HPE OCA > OCA Solution > Power Supplies > Power Supply	Power Supply	min 1, max 1	1	1	Selection constraint for Power Supply: max 1	Q6Q64A	Standard	HPE StoreEver MSL3040 Upgrade Power Supply Kit	0	780.00		NA		No				Active	12/04/2017	09/30/2031		ATTRIBUTE_CHANGED	780.00	$0.00	0.00%	2026-09-09: $12042017.00
Cables & Enablement Kits	FibreChannel Cables	HPE OCA > OCA Solution > Cables & Enablement Kits > FibreChannel Cables	Cable Kit	max 999	0	999	Selection constraint for FibreChannel Cables: max 999	AJ838A	Standard	HPE LC to LC Multi-mode OM3 2-Fiber 30.0m 1-Pack Fiber Optic Cable	0	208.00		NA		No				Active	10/23/2017	11/30/2028		ATTRIBUTE_CHANGED	208.00	$0.00	0.00%	2026-09-09: (no price)
Cables & Enablement Kits	FibreChannel Cables	HPE OCA > OCA Solution > Cables & Enablement Kits > FibreChannel Cables	Cable Kit	max 999	0	999	Selection constraint for FibreChannel Cables: max 999	AJ836A	Standard	HPE LC to LC Multi-mode OM3 2-Fiber 5.0m 1-Pack Fiber Optic Cable	0	115.00		NA		No				Active	10/23/2017	11/30/2028		ATTRIBUTE_CHANGED	115.00	$0.00	0.00%	2026-09-09: (no price)
Cables & Enablement Kits	FibreChannel Cables	HPE OCA > OCA Solution > Cables & Enablement Kits > FibreChannel Cables	Cable Kit	max 999	0	999	Selection constraint for FibreChannel Cables: max 999	AJ839A	Standard	HPE LC to LC Multi-mode OM3 2-Fiber 50.0m 1-Pack Fiber Optic Cable	0	253.00		NA		No				Active	10/23/2017	11/30/2028		ATTRIBUTE_CHANGED	253.00	$0.00	0.00%	2026-09-09: (no price)
Cables & Enablement Kits	FibreChannel Cables	HPE OCA > OCA Solution > Cables & Enablement Kits > FibreChannel Cables	Cable Kit	max 999	0	999	Selection constraint for FibreChannel Cables: max 999	QK732A	Standard	HPE Premier Flex LC/LC Multi-mode OM4 2 Fiber 1m Cable	0	115.00		NA		No				Active	10/23/2017	11/30/2028		ATTRIBUTE_CHANGED	115.00	$0.00	0.00%	2026-09-09: (no price)
Cables & Enablement Kits	FibreChannel Cables	HPE OCA > OCA Solution > Cables & Enablement Kits > FibreChannel Cables	Cable Kit	max 999	0	999	Selection constraint for FibreChannel Cables: max 999	QK737A	Standard	HPE Premier Flex LC/LC Multi-mode OM4 2 Fiber 50m Cable	0	415.00		NA		No				Active	10/23/2017	11/30/2028		ATTRIBUTE_CHANGED	415.00	$0.00	0.00%	2026-09-09: (no price)
Cables & Enablement Kits	FibreChannel Cables	HPE OCA > OCA Solution > Cables & Enablement Kits > FibreChannel Cables	Cable Kit	max 999	0	999	Selection constraint for FibreChannel Cables: max 999	AJ837A	Standard	HPE LC to LC Multi-mode OM3 2-Fiber 15.0m 1-Pack Fiber Optic Cable	0	162.00		NA		No				Active	10/23/2017	11/30/2028		ATTRIBUTE_CHANGED	162.00	$0.00	0.00%	2026-09-09: (no price)
Cables & Enablement Kits	FibreChannel Cables	HPE OCA > OCA Solution > Cables & Enablement Kits > FibreChannel Cables	Cable Kit	max 999	0	999	Selection constraint for FibreChannel Cables: max 999	QK735A	Standard	HPE Premier Flex LC/LC Multi-mode OM4 2 Fiber 15m Cable	0	195.00		NA		No				Active	10/23/2017	11/30/2028		ATTRIBUTE_CHANGED	195.00	$0.00	0.00%	2026-09-09: (no price)
Cables & Enablement Kits	FibreChannel Cables	HPE OCA > OCA Solution > Cables & Enablement Kits > FibreChannel Cables	Cable Kit	max 999	0	999	Selection constraint for FibreChannel Cables: max 999	QK733A	Standard	HPE Premier Flex LC/LC Multi-mode OM4 2 Fiber 2m Cable	0	130.00		NA		No				Active	10/23/2017	11/30/2028		ATTRIBUTE_CHANGED	130.00	$0.00	0.00%	2026-09-09: (no price)
Cables & Enablement Kits	FibreChannel Cables	HPE OCA > OCA Solution > Cables & Enablement Kits > FibreChannel Cables	Cable Kit	max 999	0	999	Selection constraint for FibreChannel Cables: max 999	QK736A	Standard	HPE Premier Flex LC/LC Multi-mode OM4 2 Fiber 30m Cable	0	239.00		NA		No				Active	10/23/2017	11/30/2028		ATTRIBUTE_CHANGED	239.00	$0.00	0.00%	2026-09-09: (no price)
Cables & Enablement Kits	FibreChannel Cables	HPE OCA > OCA Solution > Cables & Enablement Kits > FibreChannel Cables	Cable Kit	max 999	0	999	Selection constraint for FibreChannel Cables: max 999	QK734A	Standard	HPE Premier Flex LC/LC Multi-mode OM4 2 Fiber 5m Cable	0	147.00		NA		No				Active	10/23/2017	11/30/2028		ATTRIBUTE_CHANGED	147.00	$0.00	0.00%	2026-09-09: (no price)
Drive Enclosures / Drives	SAS Cables	HPE OCA > OCA Solution > Drive Enclosures / Drives > SAS Cables	Cable Kit	max 999	0	999	Selection constraint for SAS Cables: max 999	716191-B21	Standard	HPE 2.0m External Mini SAS High Density to Mini SAS Cable	0	221.00		NA		No				Active	10/23/2017	08/31/2030		ATTRIBUTE_CHANGED	221.00	$0.00	0.00%	2026-09-09: (no price)
Drive Enclosures / Drives	SAS Cables	HPE OCA > OCA Solution > Drive Enclosures / Drives > SAS Cables	Cable Kit	max 999	0	999	Selection constraint for SAS Cables: max 999	716193-B21	Standard	HPE 4.0m External Mini SAS High Density to Mini SAS Cable	0	324.00		NA		No				Active	10/23/2017	08/31/2030		ATTRIBUTE_CHANGED	324.00	$0.00	0.00%	2026-09-09: (no price)
Drive Enclosures / Drives	SAS Cables	HPE OCA > OCA Solution > Drive Enclosures / Drives > SAS Cables	Cable Kit	max 999	0	999	Selection constraint for SAS Cables: max 999	K2R10A	Standard	HPE StoreEver Mini-SAS High Density to 4-lane Mini-SAS External Fanout 4m Cable	0	501.00		NA		No				Active	10/23/2017	05/31/2027		ATTRIBUTE_CHANGED	501.00	$0.00	0.00%	2026-09-09: (no price)
Drive Enclosures / Drives	SAS Cables	HPE OCA > OCA Solution > Drive Enclosures / Drives > SAS Cables	Cable Kit	max 999	0	999	Selection constraint for SAS Cables: max 999	AE470A	Standard	HPE SAS Min-Min 1x-2M Cable Assembly Kit	0	78.00		NA		No				Obsolete (OB)	10/23/2017	05/31/2022		ATTRIBUTE_CHANGED	78.00	$0.00	0.00%	2026-09-09: (no price)
Drive Enclosures / Drives	SAS Cables	HPE OCA > OCA Solution > Drive Enclosures / Drives > SAS Cables	Cable Kit	max 999	0	999	Selection constraint for SAS Cables: max 999	AE465A	Standard	HPE SAS Min-Min 1x-4m Cable Assembly Kit	0	110.00		NA		No				Obsolete (OB)	10/23/2017	01/31/2022		ATTRIBUTE_CHANGED	110.00	$0.00	0.00%	2026-09-09: (no price)
Drive Enclosures / Drives	SAS Cables	HPE OCA > OCA Solution > Drive Enclosures / Drives > SAS Cables	Cable Kit	max 999	0	999	Selection constraint for SAS Cables: max 999	AN975A	Standard	HPE StoreEver 2m External Mini-SAS to 4x1 Mini-SAS Cable	0	264.00		NA		No				Obsolete (OB)	10/23/2017	08/31/2025		ATTRIBUTE_CHANGED	264.00	$0.00	0.00%	2026-09-09: (no price)
Drive Enclosures / Drives	SAS Cables	HPE OCA > OCA Solution > Drive Enclosures / Drives > SAS Cables	Cable Kit	max 999	0	999	Selection constraint for SAS Cables: max 999	AN976A	Standard	HPE StoreEver 4m External Mini-SAS to 4x1 Mini-SAS Cable	0	410.00		NA		No				Obsolete (OB)	10/23/2017	08/31/2025		ATTRIBUTE_CHANGED	410.00	$0.00	0.00%	2026-09-09: (no price)
Drive Enclosures / Drives	SAS Cables	HPE OCA > OCA Solution > Drive Enclosures / Drives > SAS Cables	Cable Kit	max 999	0	999	Selection constraint for SAS Cables: max 999	K2R09A	Standard	HPE StoreEver Mini-SAS High Density to 4-lane Mini-SAS External Fanout 2m Cable	0	358.00		NA		No				Active	10/23/2017	05/31/2027		ATTRIBUTE_CHANGED	358.00	$0.00	0.00%	2026-09-09: (no price)
Drive Enclosures / Drives	SAS Cables	HPE OCA > OCA Solution > Drive Enclosures / Drives > SAS Cables	Cable Kit	max 999	0	999	Supported on LTO-9 SAS Drive (R6Q75A) Only.	716197-B21	Standard	HPE External 2.0m (6ft) Mini-SAS HD 4x to Mini-SAS HD 4x Cable	0	177.00		NA		No				Active	10/23/2017	08/31/2030		ATTRIBUTE_CHANGED	177.00	$0.00	0.00%	2026-09-09: (no price)
Drive Enclosures / Drives	SAS Cables	HPE OCA > OCA Solution > Drive Enclosures / Drives > SAS Cables	Cable Kit	max 999	0	999	Supported on LTO-9 SAS Drive (R6Q75A) Only.	716199-B21	Standard	HPE External 4.0m (13ft) Mini-SAS HD 4x to Mini-SAS HD 4x Cable	0	287.00		NA		No				Active	10/23/2017	08/31/2030		ATTRIBUTE_CHANGED	287.00	$0.00	0.00%	2026-09-09: (no price)
Drive Enclosures / Drives	SAS Cables	HPE OCA > OCA Solution > Drive Enclosures / Drives > SAS Cables	Cable Kit	max 999	0	999	Supported on LTO-9 SAS Drive (R6Q75A) Only.	P35176-B21	Standard	HPE External 12Gb Mini SAS High Density to Mini SAS High Density 4-lane 2m Fanout Cable	0	206.00		NA		No				Active	01/10/2022	08/31/2030		ATTRIBUTE_CHANGED	206.00	$0.00	0.00%	2026-09-09: (no price)
Drive Enclosures / Drives	SAS Cables	HPE OCA > OCA Solution > Drive Enclosures / Drives > SAS Cables	Cable Kit	max 999	0	999	Supported on LTO-9 SAS Drive (R6Q75A) Only.	P35175-B21	Standard	HPE External 12Gb Mini SAS High Density to Mini SAS High Density 4-lane 4m Fanout Cable	0	369.00		NA		No				Active	01/10/2022	08/31/2030		ATTRIBUTE_CHANGED	369.00	$0.00	0.00%	2026-09-09: (no price)
Drive Enclosures / Drives	SAS Cables	HPE OCA > OCA Solution > Drive Enclosures / Drives > SAS Cables	Drive Cage / Drive	max 999	0	999	Selection constraint for SAS Cables: max 999	Q6Q63A	Standard	HPE StoreEver MSL3040 Scalable Library Expansion Module	0	7275.00		NA		No				Active	12/04/2017	09/30/2031		ATTRIBUTE_CHANGED	7275.00	$0.00	0.00%	2026-09-09: $12042017.00
Storage Controllers	Storage Media	HPE OCA > OCA Solution > Storage Controllers > Storage Media	Storage Controller	max 999	0	999	Selection constraint for Storage Media: max 999	C7973A	Standard	HPE LTO-3 Ultrium 800 GB Re-writable Data Cartridge	0	61.35		NA		No				Obsolete (OB)	10/23/2017	10/31/2018		ATTRIBUTE_CHANGED	61.35	$0.00	0.00%	2026-09-09: $10232017.00
Storage Controllers	Storage Media	HPE OCA > OCA Solution > Storage Controllers > Storage Media	Storage Controller	max 999	0	999	Selection constraint for Storage Media: max 999	C7973W	Standard	HPE LTO-3 Ultrium 800 GB WORM Data Cartridge	0	0		NA		No				Obsolete (OB)	10/23/2017	10/31/2018		ATTRIBUTE_CHANGED	N/A	$0.00	0.00%	2026-09-09: $10232017.00
Storage Controllers	Storage Media	HPE OCA > OCA Solution > Storage Controllers > Storage Media	Storage Controller	max 999	0	999	Selection constraint for Storage Media: max 999	C7973AL	Standard	HPE LTO-3 Ultrium 800GB RW Labeled Data Cartridge 20 Pack	0	0		NA		No				Obsolete (OB)	10/31/2018	10/31/2018		ATTRIBUTE_CHANGED	N/A	$0.00	0.00%	2026-09-09: $10312018.00
Storage Controllers	Storage Media	HPE OCA > OCA Solution > Storage Controllers > Storage Media	Storage Controller	max 999	0	999	Selection constraint for Storage Media: max 999	C7974AN	Standard	HPE LTO-4 Ultrium 1.6TB Non-custom Label Data Cartridge 20 Pack	0	695.91		NA		No				Obsolete (OB)	10/23/2017	01/31/2023		ATTRIBUTE_CHANGED	695.91	$0.00	0.00%	2026-09-09: $10232017.00
Storage Controllers	Storage Media	HPE OCA > OCA Solution > Storage Controllers > Storage Media	Storage Controller	max 999	0	999	Selection constraint for Storage Media: max 999	C7974AL	Standard	HPE LTO-4 Ultrium 1.6TB RW Custom Label Data Cartridge 20 Pack	0	1182.63		NA		No				Obsolete (OB)	10/31/2018	04/28/2022		ATTRIBUTE_CHANGED	1182.63	$0.00	0.00%	2026-09-09: $10312018.00
Storage Controllers	Storage Media	HPE OCA > OCA Solution > Storage Controllers > Storage Media	Storage Controller	max 999	0	999	Selection constraint for Storage Media: max 999	Q2009A	Standard	HPE LTO-4 Ultrium Read/Write Bar Code Label Pack	0	197.87		NA		No				Obsolete (OB)	10/23/2017	05/31/2022		ATTRIBUTE_CHANGED	197.87	$0.00	0.00%	2026-09-09: $10232017.00
Storage Controllers	Storage Media	HPE OCA > OCA Solution > Storage Controllers > Storage Media	Storage Controller	max 999	0	999	Selection constraint for Storage Media: max 999	Q2010A	Standard	HPE LTO-4 Ultrium WORM Bar Code Label Pack	0	199.05		NA		No				Obsolete (OB)	10/23/2017	01/31/2024		ATTRIBUTE_CHANGED	199.05	$0.00	0.00%	2026-09-09: $10232017.00
Storage Controllers	Storage Media	HPE OCA > OCA Solution > Storage Controllers > Storage Media	Storage Controller	max 999	0	999	Selection constraint for Storage Media: max 999	C7975AL	Standard	HPE LTO-5 RW Custom Labeled Data Cartridge 20 Pack	0	929.43		NA		No				Obsolete (OB)	10/23/2017	03/15/2025		ATTRIBUTE_CHANGED	929.43	$0.00	0.00%	2026-09-09: $10232017.00
Storage Controllers	Storage Media	HPE OCA > OCA Solution > Storage Controllers > Storage Media	Storage Controller	max 999	0	999	Selection constraint for Storage Media: max 999	C7975AA	Standard	HPE LTO-5 Ultrium 3TB RW 20 Data Cartridges	0	0		NA		No				Obsolete (OB)	12/03/2018	03/15/2025		ATTRIBUTE_CHANGED	N/A	$0.00	0.00%	2026-09-09: $12032018.00
Storage Controllers	Storage Media	HPE OCA > OCA Solution > Storage Controllers > Storage Media	Storage Controller	max 999	0	999	Selection constraint for Storage Media: max 999	C7975A	Standard	HPE LTO-5 Ultrium 3TB RW Data Cartridge	0	46.46		NA		No				Direct Ship (DS)	10/23/2017	07/31/2026		ATTRIBUTE_CHANGED	46.46	$0.00	0.00%	2026-09-09: $10232017.00
Storage Controllers	Storage Media	HPE OCA > OCA Solution > Storage Controllers > Storage Media	Storage Controller	max 999	0	999	Selection constraint for Storage Media: max 999	C7975W	Standard	HPE LTO-5 Ultrium 3TB WORM Data Cartridge	0	53.12		NA		No				Obsolete (OB)	10/23/2017	11/30/2023		ATTRIBUTE_CHANGED	53.12	$0.00	0.00%	2026-09-09: $10232017.00
Storage Controllers	Storage Media	HPE OCA > OCA Solution > Storage Controllers > Storage Media	Storage Controller	max 999	0	999	Selection constraint for Storage Media: max 999	C7975AN	Standard	HPE LTO-5 Ultrium Non-custom Labeled Data Cartridge 20 Pack	0	929.43		NA		No				Obsolete (OB)	10/23/2017	12/23/2025		ATTRIBUTE_CHANGED	929.43	$0.00	0.00%	2026-09-09: $10232017.00
Storage Controllers	Storage Media	HPE OCA > OCA Solution > Storage Controllers > Storage Media	Storage Controller	max 999	0	999	Selection constraint for Storage Media: max 999	Q2011A	Standard	HPE LTO-5 Ultrium RW Bar Code Label Pack	0	92.99		NA		No				Direct Ship (DS)	10/23/2017	07/31/2026		ATTRIBUTE_CHANGED	92.99	$0.00	0.00%	2026-09-09: $10232017.00
Storage Controllers	Storage Media	HPE OCA > OCA Solution > Storage Controllers > Storage Media	Storage Controller	max 999	0	999	Selection constraint for Storage Media: max 999	Q2012A	Standard	HPE LTO-5 Ultrium WORM Bar Code Label Pack	0	199.05		NA		No				Obsolete (OB)	10/23/2017	02/28/2024		ATTRIBUTE_CHANGED	199.05	$0.00	0.00%	2026-09-09: $10232017.00
Storage Controllers	Storage Media	HPE OCA > OCA Solution > Storage Controllers > Storage Media	Storage Controller	max 999	0	999	Selection constraint for Storage Media: max 999	C7976BL	Standard	HPE LTO-6 Ultrium 6.25TB BaFe RW Custom Labeled Data Cartridge 20 Pack	0	1146.39		NA		No				Obsolete (OB)	10/23/2017	03/15/2025		ATTRIBUTE_CHANGED	1146.39	$0.00	0.00%	2026-09-09: $10232017.00
Storage Controllers	Storage Media	HPE OCA > OCA Solution > Storage Controllers > Storage Media	Storage Controller	max 999	0	999	Selection constraint for Storage Media: max 999	C7976B	Standard	HPE LTO-6 Ultrium 6.25TB BaFe RW Data Cartridge	0	57.32		NA		No				Obsolete (OB)	10/23/2017	07/07/2025		ATTRIBUTE_CHANGED	57.32	$0.00	0.00%	2026-09-09: $10232017.00
Storage Controllers	Storage Media	HPE OCA > OCA Solution > Storage Controllers > Storage Media	Storage Controller	max 999	0	999	Selection constraint for Storage Media: max 999	C7976BN	Standard	HPE LTO-6 Ultrium 6.25TB BaFe RW Non Custom Labeled Data Cartridges 20 Pack	0	1293.13		NA		No				Obsolete (OB)	10/23/2017	04/20/2026		ATTRIBUTE_CHANGED	1293.13	$0.00	0.00%	2026-09-09: $10232017.00
Storage Controllers	Storage Media	HPE OCA > OCA Solution > Storage Controllers > Storage Media	Storage Controller	max 999	0	999	Selection constraint for Storage Media: max 999	C7976BW	Standard	HPE LTO-6 Ultrium 6.25TB BaFe WORM Data Cartridge	0	86.76		NA		No				Obsolete (OB)	10/23/2017	04/20/2026		ATTRIBUTE_CHANGED	86.76	$0.00	0.00%	2026-09-09: $10232017.00
Storage Controllers	Storage Media	HPE OCA > OCA Solution > Storage Controllers > Storage Media	Storage Controller	max 999	0	999	Selection constraint for Storage Media: max 999	C7976AF	Standard	HPE LTO-6 Ultrium 6.25TB MP RFID RW Custom Labeled Data Cartridge 20 Pack	0	0		NA		No				Obsolete (OB)	10/23/2017	10/31/2018		ATTRIBUTE_CHANGED	N/A	$0.00	0.00%	2026-09-09: $10232017.00
Storage Controllers	Storage Media	HPE OCA > OCA Solution > Storage Controllers > Storage Media	Storage Controller	max 999	0	999	Selection constraint for Storage Media: max 999	C7976AA	Standard	HPE LTO-6 Ultrium 6.25TB RW 20 Data Cartridges	0	0		NA		No				Active	12/03/2018	09/30/2031		ATTRIBUTE_CHANGED	N/A	$0.00	0.00%	2026-09-09: $12032018.00
Storage Controllers	Storage Media	HPE OCA > OCA Solution > Storage Controllers > Storage Media	Storage Controller	max 999	0	999	Selection constraint for Storage Media: max 999	C7976AC	Standard	HPE LTO-6 Ultrium 6.25TB RW Custom Labeled 20 Data Cartridges Library Pack without Cases	0	1530.46		NA		No				Active	10/23/2017	09/30/2031		ATTRIBUTE_CHANGED	1530.46	$0.00	0.00%	2026-09-09: $10232017.00
Storage Controllers	Storage Media	HPE OCA > OCA Solution > Storage Controllers > Storage Media	Storage Controller	max 999	0	999	Selection constraint for Storage Media: max 999	C7976AL	Standard	HPE LTO-6 Ultrium 6.25TB RW Custom Labeled 20 Data Cartridges with Cases	0	1530.47		NA		No				Active	10/23/2017	09/30/2031		ATTRIBUTE_CHANGED	1530.47	$0.00	0.00%	2026-09-09: $10232017.00
Storage Controllers	Storage Media	HPE OCA > OCA Solution > Storage Controllers > Storage Media	Storage Controller	max 999	0	999	Selection constraint for Storage Media: max 999	C7976A	Standard	HPE LTO-6 Ultrium 6.25TB RW Data Cartridge	0	76.53		NA		No				Active	10/23/2017	09/30/2031		ATTRIBUTE_CHANGED	76.53	$0.00	0.00%	2026-09-09: $10232017.00
Storage Controllers	Storage Media	HPE OCA > OCA Solution > Storage Controllers > Storage Media	Storage Controller	max 999	0	999	Selection constraint for Storage Media: max 999	C7976AN	Standard	HPE LTO-6 Ultrium 6.25TB RW Non Custom Labeled 20 Data Cartridges with Cases	0	1530.47		NA		No				Active	10/23/2017	09/30/2031		ATTRIBUTE_CHANGED	1530.47	$0.00	0.00%	2026-09-09: $10232017.00
Storage Controllers	Storage Media	HPE OCA > OCA Solution > Storage Controllers > Storage Media	Storage Controller	max 999	0	999	Selection constraint for Storage Media: max 999	C7976WL	Standard	HPE LTO-6 Ultrium 6.25TB WORM Custom Labeled 20 Data Cartridges with Cases	0	2176.50		NA		No				Active	10/23/2017	09/30/2031		ATTRIBUTE_CHANGED	2176.50	$0.00	0.00%	2026-09-09: $10232017.00
Storage Controllers	Storage Media	HPE OCA > OCA Solution > Storage Controllers > Storage Media	Storage Controller	max 999	0	999	Selection constraint for Storage Media: max 999	C7976W	Standard	HPE LTO-6 Ultrium 6.25TB WORM Data Cartridge	0	108.82		NA		No				Active	10/23/2017	09/30/2031		ATTRIBUTE_CHANGED	108.82	$0.00	0.00%	2026-09-09: $10232017.00
Storage Controllers	Storage Media	HPE OCA > OCA Solution > Storage Controllers > Storage Media	Storage Controller	max 999	0	999	Selection constraint for Storage Media: max 999	Q2013A	Standard	HPE LTO-6 Ultrium RW Bar Code Label Pack	0	92.99		NA		No				Active	10/23/2017	09/30/2031		ATTRIBUTE_CHANGED	92.99	$0.00	0.00%	2026-09-09: $10232017.00
Storage Controllers	Storage Media	HPE OCA > OCA Solution > Storage Controllers > Storage Media	Storage Controller	max 999	0	999	Selection constraint for Storage Media: max 999	C7977AH	Standard	HPE LTO-7 Ultrium 15TB Eco Case Data Cartridge 20 Pack	0	2205.96		NA		No				Active	10/23/2017	10/31/2036		ATTRIBUTE_CHANGED	2205.96	$0.00	0.00%	2026-09-09: $10232017.00
Storage Controllers	Storage Media	HPE OCA > OCA Solution > Storage Controllers > Storage Media	Storage Controller	max 999	0	999	Selection constraint for Storage Media: max 999	C7977A	Standard	HPE LTO-7 Ultrium 15TB RW Data Cartridge	0	110.30		NA		No				Active	10/23/2017	10/31/2036		ATTRIBUTE_CHANGED	110.30	$0.00	0.00%	2026-09-09: $10232017.00
Storage Controllers	Storage Media	HPE OCA > OCA Solution > Storage Controllers > Storage Media	Storage Controller	max 999	0	999	Selection constraint for Storage Media: max 999	C7977AN	Standard	HPE LTO-7 Ultrium Non Custom Labeled Data Cartridge 20 Pack	0	2205.96		NA		No				Active	10/23/2017	10/31/2036		ATTRIBUTE_CHANGED	2205.96	$0.00	0.00%	2026-09-09: $10232017.00
Storage Controllers	Storage Media	HPE OCA > OCA Solution > Storage Controllers > Storage Media	Storage Controller	max 999	0	999	Selection constraint for Storage Media: max 999	C7977AF	Standard	HPE LTO-7 Ultrium RFID RW Custom Labeled Data Cartridge 20 Pack	0	0		NA		No				Obsolete (OB)	10/23/2017	10/31/2018		ATTRIBUTE_CHANGED	N/A	$0.00	0.00%	2026-09-09: $10232017.00
Storage Controllers	Storage Media	HPE OCA > OCA Solution > Storage Controllers > Storage Media	Storage Controller	max 999	0	999	Selection constraint for Storage Media: max 999	Q2014A	Standard	HPE LTO-7 Ultrium RW Bar Code Label Pack	0	92.99		NA		No				Active	10/23/2017	10/31/2036		ATTRIBUTE_CHANGED	92.99	$0.00	0.00%	2026-09-09: $10232017.00
Storage Controllers	Storage Media	HPE OCA > OCA Solution > Storage Controllers > Storage Media	Storage Controller	max 999	0	999	Selection constraint for Storage Media: max 999	C7977AL	Standard	HPE LTO-7 Ultrium RW Custom Labeled Data Cartridge 20 Pack	0	2205.96		NA		No				Active	10/23/2017	10/31/2036		ATTRIBUTE_CHANGED	2205.96	$0.00	0.00%	2026-09-09: $10232017.00
Storage Controllers	Storage Media	HPE OCA > OCA Solution > Storage Controllers > Storage Media	Storage Controller	max 999	0	999	Selection constraint for Storage Media: max 999	C7977AC	Standard	HPE LTO-7 Ultrium RW No Case Custom Labeled Data Cartridge 20 Pack	0	2205.96		NA		No				Active	10/23/2017	10/31/2036		ATTRIBUTE_CHANGED	2205.96	$0.00	0.00%	2026-09-09: $10232017.00
Storage Controllers	Storage Media	HPE OCA > OCA Solution > Storage Controllers > Storage Media	Storage Controller	max 999	0	999	Selection constraint for Storage Media: max 999	Q2078MC	Standard	HPE LTO-7 Ultrium Type M 22.5TB RW 20 Data Cartridges Custom Labeled Library Pack without Cases	0	1617.88		NA		No				Obsolete (OB)	02/05/2018	07/01/2023		ATTRIBUTE_CHANGED	1617.88	$0.00	0.00%	2026-09-09: $2052018.00
Storage Controllers	Storage Media	HPE OCA > OCA Solution > Storage Controllers > Storage Media	Storage Controller	max 999	0	999	Selection constraint for Storage Media: max 999	Q2078ML	Standard	HPE LTO-7 Ultrium Type M 22.5TB RW 20 Data Cartridges Custom Labeled with Cases	0	1617.88		NA		No				Obsolete (OB)	02/05/2018	07/01/2023		ATTRIBUTE_CHANGED	1617.88	$0.00	0.00%	2026-09-09: $2052018.00
Storage Controllers	Storage Media	HPE OCA > OCA Solution > Storage Controllers > Storage Media	Storage Controller	max 999	0	999	Selection constraint for Storage Media: max 999	Q2078MN	Standard	HPE LTO-7 Ultrium Type M 22.5TB RW 20 Data Cartridges Non Custom Labeled with Cases	0	1617.88		NA		No				Obsolete (OB)	02/05/2018	07/01/2023		ATTRIBUTE_CHANGED	1617.88	$0.00	0.00%	2026-09-09: $2052018.00
Storage Controllers	Storage Media	HPE OCA > OCA Solution > Storage Controllers > Storage Media	Storage Controller	max 999	0	999	Selection constraint for Storage Media: max 999	Q2016A	Standard	HPE LTO-7 Ultrium Type M RW Bar Code Label Pack	0	199.05		NA		No				Obsolete (OB)	02/05/2018	07/01/2023		ATTRIBUTE_CHANGED	199.05	$0.00	0.00%	2026-09-09: $2052018.00
Storage Controllers	Storage Media	HPE OCA > OCA Solution > Storage Controllers > Storage Media	Storage Controller	max 999	0	999	Selection constraint for Storage Media: max 999	C7977WL	Standard	HPE LTO-7 Ultrium WORM Custom Labeled Data Cartridge 20 Pack	0	3044.17		NA		No				Active	10/23/2017	10/31/2036		ATTRIBUTE_CHANGED	3044.17	$0.00	0.00%	2026-09-09: $10232017.00
Storage Controllers	Storage Media	HPE OCA > OCA Solution > Storage Controllers > Storage Media	Storage Controller	max 999	0	999	Selection constraint for Storage Media: max 999	C7977W	Standard	HPE LTO-7 Ultrium WORM Data Cartridge	0	152.20		NA		No				Active	10/23/2017	10/31/2036		ATTRIBUTE_CHANGED	152.20	$0.00	0.00%	2026-09-09: $10232017.00
Storage Controllers	Storage Media	HPE OCA > OCA Solution > Storage Controllers > Storage Media	Storage Controller	max 999	0	999	Selection constraint for Storage Media: max 999	Q2078AH	Standard	HPE LTO-8 Ultrium 30TB RW 20 Data Cartridges Library Pack without Cases	0	2348.24		NA		No				Active	08/14/2019	10/31/2036		ATTRIBUTE_CHANGED	2348.24	$0.00	0.00%	2026-09-09: $8142019.00
Storage Controllers	Storage Media	HPE OCA > OCA Solution > Storage Controllers > Storage Media	Storage Controller	max 999	0	999	Selection constraint for Storage Media: max 999	Q2078AL	Standard	HPE LTO-8 Ultrium 30TB RW Custom Labeled Library Pack 20 Data Cartridges with Cases	0	2348.24		NA		No				Active	08/14/2019	10/31/2036		ATTRIBUTE_CHANGED	2348.24	$0.00	0.00%	2026-09-09: $8142019.00
Storage Controllers	Storage Media	HPE OCA > OCA Solution > Storage Controllers > Storage Media	Storage Controller	max 999	0	999	Selection constraint for Storage Media: max 999	Q2078AC	Standard	HPE LTO-8 Ultrium 30TB RW Custom Labeled Library Pack 20 Data Cartridges without Cases	0	2348.24		NA		No				Active	08/14/2019	10/31/2036		ATTRIBUTE_CHANGED	2348.24	$0.00	0.00%	2026-09-09: $8142019.00
Storage Controllers	Storage Media	HPE OCA > OCA Solution > Storage Controllers > Storage Media	Storage Controller	max 999	0	999	Selection constraint for Storage Media: max 999	Q2078A	Standard	HPE LTO-8 Ultrium 30TB RW Data Cartridge	0	117.43		NA		No				Active	08/14/2019	10/31/2036		ATTRIBUTE_CHANGED	117.43	$0.00	0.00%	2026-09-09: $8142019.00
Storage Controllers	Storage Media	HPE OCA > OCA Solution > Storage Controllers > Storage Media	Storage Controller	max 999	0	999	Selection constraint for Storage Media: max 999	Q2078AN	Standard	HPE LTO-8 Ultrium 30TB RW Non Custom Labeled Library Pack 20 Data Cartridges with Cases	0	2348.24		NA		No				Active	08/14/2019	10/31/2036		ATTRIBUTE_CHANGED	2348.24	$0.00	0.00%	2026-09-09: $8142019.00
Storage Controllers	Storage Media	HPE OCA > OCA Solution > Storage Controllers > Storage Media	Storage Controller	max 999	0	999	Selection constraint for Storage Media: max 999	Q2078WL	Standard	HPE LTO-8 Ultrium 30TB WORM Custom Labeled 20 Data Cartridges with Cases	0	3240.72		NA		No				Active	08/14/2019	10/31/2036		ATTRIBUTE_CHANGED	3240.72	$0.00	0.00%	2026-09-09: $8142019.00
Storage Controllers	Storage Media	HPE OCA > OCA Solution > Storage Controllers > Storage Media	Storage Controller	max 999	0	999	Selection constraint for Storage Media: max 999	Q2078W	Standard	HPE LTO-8 Ultrium 30TB WORM Data Cartridge	0	162.07		NA		No				Active	08/14/2019	10/31/2036		ATTRIBUTE_CHANGED	162.07	$0.00	0.00%	2026-09-09: $8142019.00
Storage Controllers	Storage Media	HPE OCA > OCA Solution > Storage Controllers > Storage Media	Storage Controller	max 999	0	999	Selection constraint for Storage Media: max 999	Q2015A	Standard	HPE LTO-8 Ultrium RW Bar Code Label Pack	0	92.99		NA		No				Active	12/04/2017	10/31/2036		ATTRIBUTE_CHANGED	92.99	$0.00	0.00%	2026-09-09: $12042017.00
Storage Controllers	Storage Media	HPE OCA > OCA Solution > Storage Controllers > Storage Media	Storage Controller	max 999	0	999	Selection constraint for Storage Media: max 999	Q2079AH	Standard	HPE LTO-9 Ultrium 45TB RW 20 Data Cartridges Library Pack without Cases	0	2911.01		NA		No				Active	09/07/2021	11/30/2030		ATTRIBUTE_CHANGED	2911.01	$0.00	0.00%	2026-09-09: $9072021.00
Storage Controllers	Storage Media	HPE OCA > OCA Solution > Storage Controllers > Storage Media	Storage Controller	max 999	0	999	Selection constraint for Storage Media: max 999	Q2079AL	Standard	HPE LTO-9 Ultrium 45TB RW Custom Labeled 20 Data Cartridges with Cases	0	2911.01		NA		No				Active	09/07/2021	11/30/2030		ATTRIBUTE_CHANGED	2911.01	$0.00	0.00%	2026-09-09: $9072021.00
Storage Controllers	Storage Media	HPE OCA > OCA Solution > Storage Controllers > Storage Media	Storage Controller	max 999	0	999	Selection constraint for Storage Media: max 999	Q2079AC	Standard	HPE LTO-9 Ultrium 45TB RW Custom Labeled Library Pack 20 Data Cartridges without Cases	0	2911.01		NA		No				Active	09/07/2021	11/30/2030		ATTRIBUTE_CHANGED	2911.01	$0.00	0.00%	2026-09-09: $9072021.00
Storage Controllers	Storage Media	HPE OCA > OCA Solution > Storage Controllers > Storage Media	Storage Controller	max 999	0	999	Selection constraint for Storage Media: max 999	Q2079A	Standard	HPE LTO-9 Ultrium 45TB RW Data Cartridge	0	145.56		NA		No				Active	09/07/2021	11/30/2030		ATTRIBUTE_CHANGED	145.56	$0.00	0.00%	2026-09-09: $9072021.00
Storage Controllers	Storage Media	HPE OCA > OCA Solution > Storage Controllers > Storage Media	Storage Controller	max 999	0	999	Selection constraint for Storage Media: max 999	Q2079AN	Standard	HPE LTO-9 Ultrium 45TB RW Non Custom Labeled 20 Data Cartridges with Cases	0	2911.01		NA		No				Active	09/07/2021	11/30/2030		ATTRIBUTE_CHANGED	2911.01	$0.00	0.00%	2026-09-09: $9072021.00
Storage Controllers	Storage Media	HPE OCA > OCA Solution > Storage Controllers > Storage Media	Storage Controller	max 999	0	999	Selection constraint for Storage Media: max 999	Q2079WL	Standard	HPE LTO-9 Ultrium 45TB WORM Custom Labeled 20 Data Cartridges with Cases	0	3976.02		NA		No				Active	09/07/2021	11/30/2030		ATTRIBUTE_CHANGED	3976.02	$0.00	0.00%	2026-09-09: $9072021.00
Storage Controllers	Storage Media	HPE OCA > OCA Solution > Storage Controllers > Storage Media	Storage Controller	max 999	0	999	Selection constraint for Storage Media: max 999	Q2079W	Standard	HPE LTO-9 Ultrium 45TB WORM Data Cartridge	0	198.80		NA		No				Active	09/07/2021	11/30/2030		ATTRIBUTE_CHANGED	198.80	$0.00	0.00%	2026-09-09: $9072021.00
Storage Controllers	Storage Media	HPE OCA > OCA Solution > Storage Controllers > Storage Media	Storage Controller	max 999	0	999	Selection constraint for Storage Media: max 999	Q2017A	Standard	HPE LTO-9 Ultrium RW Bar Code Label Pack	0	92.99		NA		No				Active	09/07/2021	11/30/2030		ATTRIBUTE_CHANGED	92.99	$0.00	0.00%	2026-09-09: $9072021.00
Storage Controllers	Storage Media	HPE OCA > OCA Solution > Storage Controllers > Storage Media	Storage Controller	max 999	0	999	Selection constraint for Storage Media: max 999	C7972A	Standard	HPE LTO2 Ultrium 400GB RW Data Tape	0	0		NA		No				Obsolete (OB)	10/23/2017	10/31/2017		ATTRIBUTE_CHANGED	N/A	$0.00	0.00%	2026-09-09: $10232017.00
Storage Controllers	Storage Media	HPE OCA > OCA Solution > Storage Controllers > Storage Media	Storage Controller	max 999	0	999	Selection constraint for Storage Media: max 999	C7974A	Standard	HPE LTO4 Ultrium 1.6TB Read/Write Data Cartridge	0	58.24		NA		No				Obsolete (OB)	10/23/2017	05/31/2022		ATTRIBUTE_CHANGED	58.24	$0.00	0.00%	2026-09-09: $10232017.00
Storage Controllers	Storage Media	HPE OCA > OCA Solution > Storage Controllers > Storage Media	Storage Controller	max 999	0	999	Selection constraint for Storage Media: max 999	C7974W	Standard	HPE LTO4 Ultrium 1.6TB WORM Data Tape Cartridge	0	41.63		NA		No				Obsolete (OB)	10/23/2017	01/31/2024		ATTRIBUTE_CHANGED	41.63	$0.00	0.00%	2026-09-09: $10232017.00
Storage Controllers	Storage Media	HPE OCA > OCA Solution > Storage Controllers > Storage Media	Storage Controller	max 999	0	999	Selection constraint for Storage Media: max 999	Q2007A	Standard	HPE Ultrium 3 RW Bar Code Label Pack	0	0		NA		No				Obsolete (OB)	10/23/2017	10/31/2018		ATTRIBUTE_CHANGED	N/A	$0.00	0.00%	2026-09-09: $10232017.00
Storage Controllers	Storage Media	HPE OCA > OCA Solution > Storage Controllers > Storage Media	Storage Controller	max 999	0	999	Selection constraint for Storage Media: max 999	Q2008A	Standard	HPE Ultrium 3 WORM Bar Code Label Pack	0	0		NA		No				Obsolete (OB)	10/23/2017	10/31/2018		ATTRIBUTE_CHANGED	N/A	$0.00	0.00%	2026-09-09: $10232017.00
Storage Controllers	Storage Media	HPE OCA > OCA Solution > Storage Controllers > Storage Media	Storage Controller	max 999	0	999	Selection constraint for Storage Media: max 999	C7972AN	Standard	HPE Ultrium 400GB Non-custom Label 20 Pack	0	0		NA		No				Obsolete (OB)	10/23/2017	12/31/2017		ATTRIBUTE_CHANGED	N/A	$0.00	0.00%	2026-09-09: $10232017.00
Storage Controllers	Storage Media	HPE OCA > OCA Solution > Storage Controllers > Storage Media	Storage Controller	max 999	0	999	Selection constraint for Storage Media: max 999	C7973AN	Standard	HPE Ultrium 800GB Non-custom Label 20 Pack	0	0		NA		No				Obsolete (OB)	10/23/2017	10/31/2018		ATTRIBUTE_CHANGED	N/A	$0.00	0.00%	2026-09-09: $10232017.00
Storage Controllers	Storage Media	HPE OCA > OCA Solution > Storage Controllers > Storage Media	Storage Controller	max 999	0	999	Selection constraint for Storage Media: max 999	C7978A	Standard	HPE Ultrium Universal Cleaning Cartridge	0	77.62		NA		No				Active	10/23/2017	10/31/2036		ATTRIBUTE_CHANGED	77.62	$0.00	0.00%	2026-09-09: $10232017.00
Cables & Enablement Kits	Power Cord	HPE OCA > OCA Solution > Cables & Enablement Kits > Power Cord	Cable Kit	Unlimited	0	Unlimited	Selection constraint for Power Cord: no max	AG467A	Standard	HPE Medium Standard Delivery-Door/Dock Service	1	1				No				Active				ADDED	N/A	+$1.00	+100.00%	2026-09-09: $1.00
Cables & Enablement Kits	Power Cord	HPE OCA > OCA Solution > Cables & Enablement Kits > Power Cord	Discontinued Hardware	Unlimited	0	Unlimited	Selection constraint for Power Cord: no max	AF570A	Standard	[REMOVED SKU] HPE C13 - BS-1363A UK/HK/SG 250V 10Amp 1.83m Power Cord	0	55.00	-	0.00	-	No					10/23/2017	2026-09-09		REMOVED	55.00	-$55.00	-100.00%	2026-09-09: $55.00 (✕ REMOVED)
Cables & Enablement Kits	Power Cord	HPE OCA > OCA Solution > Cables & Enablement Kits > Power Cord	Discontinued Hardware	Unlimited	0	Unlimited	Selection constraint for Power Cord: no max	AF568A	Standard	[REMOVED SKU] HPE C13 - CEE-VII EU 250V 10Amp 1.83m Power Cord	0	71.00	-	0.00	-	No					10/23/2017	2026-09-09		REMOVED	71.00	-$71.00	-100.00%	2026-09-09: $71.00 (✕ REMOVED)
Cables & Enablement Kits	Power Cord	HPE OCA > OCA Solution > Cables & Enablement Kits > Power Cord	Discontinued Hardware	Unlimited	0	Unlimited	Selection constraint for Power Cord: no max	AF557A	Standard	[REMOVED SKU] HPE C13 - GB-1002 CN 250V 10Amp 1.83m Power Cord	0	156.00	-	0.00	-	No					10/23/2017	2026-09-09		REMOVED	156.00	-$156.00	-100.00%	2026-09-09: $156.00 (✕ REMOVED)
Cables & Enablement Kits	Power Cord	HPE OCA > OCA Solution > Cables & Enablement Kits > Power Cord	Discontinued Hardware	Unlimited	0	Unlimited	Selection constraint for Power Cord: no max	AF556A	Standard	[REMOVED SKU] HPE C13 - Nema 5-15P US/CA 110V 10Amp 1.83m Power Cord	0	55.00	-	0.00	-	No					10/23/2017	2026-09-09		REMOVED	55.00	-$55.00	-100.00%	2026-09-09: $55.00 (✕ REMOVED)
Cables & Enablement Kits	Power Cord	HPE OCA > OCA Solution > Cables & Enablement Kits > Power Cord	Discontinued Hardware	Unlimited	0	Unlimited	Selection constraint for Power Cord: no max	AF569A	Standard	[REMOVED SKU] HPE C13 - AS3112-3 AU 250V 10Amp 2.5m Power Cord	0	65.00	-	0.00	-	No					10/23/2017	2026-09-09		REMOVED	65.00	-$65.00	-100.00%	2026-09-09: $65.00 (✕ REMOVED)
Cables & Enablement Kits	Power Cord	HPE OCA > OCA Solution > Cables & Enablement Kits > Power Cord	Discontinued Hardware	Unlimited	0	Unlimited	Selection constraint for Power Cord: no max	142257-002	Standard	[REMOVED SKU] HPE C13 - C14 WW 250V 10Amp 2.5m Jumper Cord	0	34.00	-	0.00	-	No					10/23/2017	2026-09-09		REMOVED	34.00	-$34.00	-100.00%	2026-09-09: $34.00 (✕ REMOVED)
Cables & Enablement Kits	Power Cord	HPE OCA > OCA Solution > Cables & Enablement Kits > Power Cord	Discontinued Hardware	Unlimited	0	Unlimited	Selection constraint for Power Cord: no max	AF561A	Standard	[REMOVED SKU] HPE C13 - CNS-690 TW 110V 13Amp 1.83m Power Cord	0	55.00	-	0.00	-	No					10/23/2017	2026-09-09		REMOVED	55.00	-$55.00	-100.00%	2026-09-09: $55.00 (✕ REMOVED)
Cables & Enablement Kits	Power Cord	HPE OCA > OCA Solution > Cables & Enablement Kits > Power Cord	Discontinued Hardware	Unlimited	0	Unlimited	Selection constraint for Power Cord: no max	AF566A	Standard	[REMOVED SKU] HPE C13 - DK-2.5A DK 250V 10Amp 1.83m Power Cord	0	55.00	-	0.00	-	No					10/23/2017	2026-09-09		REMOVED	55.00	-$55.00	-100.00%	2026-09-09: $55.00 (✕ REMOVED)
Cables & Enablement Kits	Power Cord	HPE OCA > OCA Solution > Cables & Enablement Kits > Power Cord	Discontinued Hardware	Unlimited	0	Unlimited	Selection constraint for Power Cord: no max	AF558A	Standard	[REMOVED SKU] HPE C13 - IRAM -2073 AR 250V 10A 2.5m Power Cord	0	65.00	-	0.00	-	No					10/23/2017	2026-09-09		REMOVED	65.00	-$65.00	-100.00%	2026-09-09: $65.00 (✕ REMOVED)
Cables & Enablement Kits	Power Cord	HPE OCA > OCA Solution > Cables & Enablement Kits > Power Cord	Discontinued Hardware	Unlimited	0	Unlimited	Selection constraint for Power Cord: no max	AF562A	Standard	[REMOVED SKU] HPE C13 - IS-1293 IN 240V 6Amp LV 2.0m Power Cord	0	194.00	-	0.00	-	No					10/23/2017	2026-09-09		REMOVED	194.00	-$194.00	-100.00%	2026-09-09: $194.00 (✕ REMOVED)
Cables & Enablement Kits	Power Cord	HPE OCA > OCA Solution > Cables & Enablement Kits > Power Cord	Discontinued Hardware	Unlimited	0	Unlimited	Selection constraint for Power Cord: no max	SG579A	Standard	[REMOVED SKU] HPE C13 - IS-1293 IN 250V 10Amp HV 2.5m Power Cord	0	142.00	-	0.00	-	No					11/19/2018	2026-09-09		REMOVED	142.00	-$142.00	-100.00%	2026-09-09: $142.00 (✕ REMOVED)
Cables & Enablement Kits	Power Cord	HPE OCA > OCA Solution > Cables & Enablement Kits > Power Cord	Discontinued Hardware	Unlimited	0	Unlimited	Selection constraint for Power Cord: no max	AF572A	Standard	[REMOVED SKU] HPE C13 - JIS C8303 JP 100V 12Amp 2.0m Power Cord	0	60.00	-	0.00	-	No					10/23/2017	2026-09-09		REMOVED	60.00	-$60.00	-100.00%	2026-09-09: $60.00 (✕ REMOVED)
Cables & Enablement Kits	Power Cord	HPE OCA > OCA Solution > Cables & Enablement Kits > Power Cord	Discontinued Hardware	Unlimited	0	Unlimited	Selection constraint for Power Cord: no max	AF560A	Standard	[REMOVED SKU] HPE C13 - KSC- 8305 KR 250V 10Amp 1.83m Power Cord	0	55.00	-	0.00	-	No					10/23/2017	2026-09-09		REMOVED	55.00	-$55.00	-100.00%	2026-09-09: $55.00 (✕ REMOVED)
Cables & Enablement Kits	Power Cord	HPE OCA > OCA Solution > Cables & Enablement Kits > Power Cord	Discontinued Hardware	Unlimited	0	Unlimited	Selection constraint for Power Cord: no max	AF559A	Standard	[REMOVED SKU] HPE C13 - Nema 5-15P TH/PH 250V 10Amp 1.83m Power Cord	0	55.00	-	0.00	-	No					10/23/2017	2026-09-09		REMOVED	55.00	-$55.00	-100.00%	2026-09-09: $55.00 (✕ REMOVED)
Cables & Enablement Kits	Power Cord	HPE OCA > OCA Solution > Cables & Enablement Kits > Power Cord	Discontinued Hardware	Unlimited	0	Unlimited	Selection constraint for Power Cord: no max	AF567A	Standard	[REMOVED SKU] HPE C13 - SABS-164 ZA 250V 10Amp 2.5m Power Cord	0	65.00	-	0.00	-	No					10/23/2017	2026-09-09		REMOVED	65.00	-$65.00	-100.00%	2026-09-09: $65.00 (✕ REMOVED)
Cables & Enablement Kits	Power Cord	HPE OCA > OCA Solution > Cables & Enablement Kits > Power Cord	Discontinued Hardware	Unlimited	0	Unlimited	Selection constraint for Power Cord: no max	AF565A	Standard	[REMOVED SKU] HPE C13 - SEV 1011 CH 250V 10Amp 1.83m Power Cord	0	55.00	-	0.00	-	No					10/23/2017	2026-09-09		REMOVED	55.00	-$55.00	-100.00%	2026-09-09: $55.00 (✕ REMOVED)
Cables & Enablement Kits	Power Cord	HPE OCA > OCA Solution > Cables & Enablement Kits > Power Cord	Discontinued Hardware	Unlimited	0	Unlimited	Selection constraint for Power Cord: no max	AF564A	Standard	[REMOVED SKU] HPE C13 - SI-32 IL 250V 10Amp 1.83m Power Cord	0	55.00	-	0.00	-	No					10/23/2017	2026-09-09		REMOVED	55.00	-$55.00	-100.00%	2026-09-09: $55.00 (✕ REMOVED)
Software & Licenses	Software	HPE OCA > OCA Solution > Software & Licenses > Software	Service & Support	Unlimited	0	Unlimited	Selection constraint for Software: no max	AG629A	Standard	HPE Consolidated Delivery Service	0	25.00				No				Active				ADDED	N/A	+$25.00	+100.00%	2026-09-09: $25.00
Software & Licenses	Software	HPE OCA > OCA Solution > Software & Licenses > Software	Service & Support	Unlimited	0	Unlimited	Selection constraint for Software: no max	P1F69A	Standard	HPE Delivery Site Above Ground Floor Service	0	289.00				No				Active				ADDED	N/A	+$289.00	+100.00%	2026-09-09: $289.00
Software & Licenses	Software	HPE OCA > OCA Solution > Software & Licenses > Software	Service & Support	Unlimited	0	Unlimited	Selection constraint for Software: no max	P1F70A	Standard	HPE Forklift at Delivery Service	0	1399.00				No				Active				ADDED	N/A	+$1399.00	+100.00%	2026-09-09: $1399.00
Software & Licenses	Software	HPE OCA > OCA Solution > Software & Licenses > Software	Service & Support	Unlimited	0	Unlimited	Selection constraint for Software: no max	P1F71A	Standard	HPE Special Delivery Truck Size Service	0	292.00				No				Active				ADDED	N/A	+$292.00	+100.00%	2026-09-09: $292.00
Software & Licenses	Software	HPE OCA > OCA Solution > Software & Licenses > Software	Operating System / License	Unlimited	0	Unlimited	Selection constraint for Software: no max	P1F72A	Standard	HPE Two People at Delivery SVC	0	466.00				No				Active				ADDED	N/A	+$466.00	+100.00%	2026-09-09: $466.00
Software & Licenses	Software	HPE OCA > OCA Solution > Software & Licenses > Software	Service & Support	Unlimited	0	Unlimited	Selection constraint for Software: no max	P1F73A	Standard	HPE Campus Delivery Service	0	104.00				No				Active				ADDED	N/A	+$104.00	+100.00%	2026-09-09: $104.00
Software & Licenses	Software	HPE OCA > OCA Solution > Software & Licenses > Software	Service & Support	Unlimited	0	Unlimited	Selection constraint for Software: no max	P1F74A	Standard	HPE Unloading Logistic Service	0	350.00				No				Active				ADDED	N/A	+$350.00	+100.00%	2026-09-09: $350.00
Software & Licenses	Software	HPE OCA > OCA Solution > Software & Licenses > Software	Service & Support	Unlimited	0	Unlimited	Selection constraint for Software: no max	P1F75A	Standard	HPE Fixed Delivery Appointment Service	0	466.00				No				Active				ADDED	N/A	+$466.00	+100.00%	2026-09-09: $466.00
Software & Licenses	Software	HPE OCA > OCA Solution > Software & Licenses > Software	Operating System / License	Unlimited	0	Unlimited	Selection constraint for Software: no max	P1F76A	Standard	HPE Pre-Delivery Site Survey SVC	0	758.00				No				Active				ADDED	N/A	+$758.00	+100.00%	2026-09-09: $758.00
Software & Licenses	Software	HPE OCA > OCA Solution > Software & Licenses > Software	Service & Support	Unlimited	0	Unlimited	Selection constraint for Software: no max	P1F78A	Standard	HPE Delivery Any Day at 0800 Hours Service	0	350.00				No				Active				ADDED	N/A	+$350.00	+100.00%	2026-09-09: $350.00
Software & Licenses	Software	HPE OCA > OCA Solution > Software & Licenses > Software	Discontinued Hardware	Unlimited	0	Unlimited	Selection constraint for Software: no max	TC406A	Standard	[REMOVED SKU] HPE StoreEver MSL Command View for Tape Libraries - TapeAssure Advanced LTU	0	2500.00	-	0.00	-	No					10/23/2017	2026-09-09		REMOVED	2500.00	-$2500.00	-100.00%	2026-09-09: $2500.00 (✕ REMOVED)
Software & Licenses	Software	HPE OCA > OCA Solution > Software & Licenses > Software	Discontinued Hardware	Unlimited	0	Unlimited	Selection constraint for Software: no max	Q8K96A	Standard	[REMOVED SKU] HPE StoreEver MSL3040 High Availability LTO-6 Control Path Failover LTU	0	3000.00	-	0.00	-	No					12/04/2017	2026-09-09		REMOVED	3000.00	-$3000.00	-100.00%	2026-09-09: $3000.00 (✕ REMOVED)
Software & Licenses	Software	HPE OCA > OCA Solution > Software & Licenses > Software	Discontinued Hardware	Unlimited	0	Unlimited	Selection constraint for Software: no max	Q8K97A	Standard	[REMOVED SKU] HPE StoreEver MSL3040 High Availability LTO-6 Data Path Failover LTU	0	3000.00	-	0.00	-	No					12/04/2017	2026-09-09		REMOVED	3000.00	-$3000.00	-100.00%	2026-09-09: $3000.00 (✕ REMOVED)
Software & Licenses	Software	HPE OCA > OCA Solution > Software & Licenses > Software	Discontinued Hardware	Unlimited	0	Unlimited	Selection constraint for Software: no max	Q8K98A	Standard	[REMOVED SKU] HPE StoreEver MSL3040 KMIP Key Manager LTU	0	6000.00	-	0.00	-	No					12/04/2017	2026-09-09		REMOVED	6000.00	-$6000.00	-100.00%	2026-09-09: $6000.00 (✕ REMOVED)
Software & Licenses	Software	HPE OCA > OCA Solution > Software & Licenses > Software	Discontinued Hardware	Unlimited	0	Unlimited	Selection constraint for Software: no max	Q8L00A	Standard	[REMOVED SKU] HPE StoreEver MSL3040 LTO-7+ Path Failover LTU	0	6000.00	-	0.00	-	No					12/04/2017	2026-09-09		REMOVED	6000.00	-$6000.00	-100.00%	2026-09-09: $6000.00 (✕ REMOVED)
Software & Licenses	Software	HPE OCA > OCA Solution > Software & Licenses > Software	Discontinued Hardware	Unlimited	0	Unlimited	Selection constraint for Software: no max	Q8K99A	Standard	[REMOVED SKU] HPE StoreEver MSL3040 Secure Manager LTU	0	2000.00	-	0.00	-	No					12/04/2017	2026-09-09		REMOVED	2000.00	-$2000.00	-100.00%	2026-09-09: $2000.00 (✕ REMOVED)
Software & Licenses	Software	HPE OCA > OCA Solution > Software & Licenses > Software	Service & Support	Unlimited	0	Unlimited	Selection constraint for Software: no max	AG628A	Standard	HPE Special Equipment Service	0	816.00				No				Active				ADDED	N/A	+$816.00	+100.00%	2026-09-09: $816.00
Software & Licenses	Software	HPE OCA > OCA Solution > Software & Licenses > Software	Service & Support	Unlimited	0	Unlimited	Selection constraint for Software: no max	BQ335A	Standard	HPE Expedite Shipment Small Logistic Service	0	44.00				No				Active				ADDED	N/A	+$44.00	+100.00%	2026-09-09: $44.00
Software & Licenses	Software	HPE OCA > OCA Solution > Software & Licenses > Software	Service & Support	Unlimited	0	Unlimited	Selection constraint for Software: no max	BQ337A	Standard	HPE Expedite Shipment Large Logistic Service	0	100.00				No				Active				ADDED	N/A	+$100.00	+100.00%	2026-09-09: $100.00
Networking	Fibre Channel Host Bus Adapters	HPE OCA > OCA Solution > Networking > Fibre Channel Host Bus Adapters	Discontinued Hardware	Discontinued	0	Discontinued	[DISCONTINUED] SKU present in previous scrape but removed from active catalog	C0H28A	Standard	[REMOVED SKU] HPE StoreEver MSL LTO-6 Ultrium 6250 Fibre Channel Drive Upgrade Kit	0	5300.00	-	0.00	-	No					10/23/2017	2026-09-09		REMOVED	5300.00	-$5300.00	-100.00%	2026-09-09: $5300.00 (✕ REMOVED)
Networking	Fibre Channel Host Bus Adapters	HPE OCA > OCA Solution > Networking > Fibre Channel Host Bus Adapters	Discontinued Hardware	Discontinued	0	Discontinued	[DISCONTINUED] SKU present in previous scrape but removed from active catalog	C0H27A	Standard	[REMOVED SKU] HPE StoreEver MSL LTO-6 Ultrium 6250 SAS Drive Upgrade Kit	0	5100.00	-	0.00	-	No					10/23/2017	2026-09-09		REMOVED	5100.00	-$5100.00	-100.00%	2026-09-09: $5100.00 (✕ REMOVED)
Networking	Fibre Channel Host Bus Adapters	HPE OCA > OCA Solution > Networking > Fibre Channel Host Bus Adapters	Discontinued Hardware	Discontinued	0	Discontinued	[DISCONTINUED] SKU present in previous scrape but removed from active catalog	N7P36A	Standard	[REMOVED SKU] HPE StoreEver MSL LTO-7 Ultrium 15000 FC Drive Upgrade Kit	0	9362.00	-	0.00	-	No					10/23/2017	2026-09-09		REMOVED	9362.00	-$9362.00	-100.00%	2026-09-09: $9362.00 (✕ REMOVED)
Networking	Fibre Channel Host Bus Adapters	HPE OCA > OCA Solution > Networking > Fibre Channel Host Bus Adapters	Discontinued Hardware	Discontinued	0	Discontinued	[DISCONTINUED] SKU present in previous scrape but removed from active catalog	N7P37A	Standard	[REMOVED SKU] HPE StoreEver MSL LTO-7 Ultrium 15000 SAS Drive Upgrade Kit	0	9010.00	-	0.00	-	No					10/23/2017	2026-09-09		REMOVED	9010.00	-$9010.00	-100.00%	2026-09-09: $9010.00 (✕ REMOVED)
Networking	Fibre Channel Host Bus Adapters	HPE OCA > OCA Solution > Networking > Fibre Channel Host Bus Adapters	Discontinued Hardware	Discontinued	0	Discontinued	[DISCONTINUED] SKU present in previous scrape but removed from active catalog	Q6Q67A	Standard	[REMOVED SKU] HPE StoreEver MSL LTO-8 Ultrium 30750 FC Drive Upgrade Kit	0	21600.00	-	0.00	-	No					02/05/2018	2026-09-09		REMOVED	21600.00	-$21600.00	-100.00%	2026-09-09: $21600.00 (✕ REMOVED)
Networking	Fibre Channel Host Bus Adapters	HPE OCA > OCA Solution > Networking > Fibre Channel Host Bus Adapters	Discontinued Hardware	Discontinued	0	Discontinued	[DISCONTINUED] SKU present in previous scrape but removed from active catalog	Q6Q68A	Standard	[REMOVED SKU] HPE StoreEver MSL LTO-8 Ultrium 30750 SAS Drive Upgrade Kit	0	16800.00	-	0.00	-	No					02/05/2018	2026-09-09		REMOVED	16800.00	-$16800.00	-100.00%	2026-09-09: $16800.00 (✕ REMOVED)
Networking	Fibre Channel Host Bus Adapters	HPE OCA > OCA Solution > Networking > Fibre Channel Host Bus Adapters	Discontinued Hardware	Discontinued	0	Discontinued	[DISCONTINUED] SKU present in previous scrape but removed from active catalog	R6Q74A	Standard	[REMOVED SKU] HPE StoreEver MSL LTO-9 Ultrium 45000 Fibre Channel Drive Upgrade Kit	0	33000.00	-	0.00	-	No					01/10/2022	2026-09-09		REMOVED	33000.00	-$33000.00	-100.00%	2026-09-09: $33000.00 (✕ REMOVED)
Networking	Fibre Channel Host Bus Adapters	HPE OCA > OCA Solution > Networking > Fibre Channel Host Bus Adapters	Discontinued Hardware	Discontinued	0	Discontinued	[DISCONTINUED] SKU present in previous scrape but removed from active catalog	R6Q75A	Standard	[REMOVED SKU] HPE StoreEver MSL LTO-9 Ultrium 45000 SAS Drive Upgrade Kit	0	24000.00	-	0.00	-	No					01/10/2022	2026-09-09		REMOVED	24000.00	-$24000.00	-100.00%	2026-09-09: $24000.00 (✕ REMOVED)