Main Category,Sub-Category,Hierarchy Path,Component Role,Constraint Text,Subcategory Min Qty,Subcategory Max Qty,Table Rule/Note,Product #,Option Type,Description,Current Qty,Unit Price (USD),Price Delta (USD),Extended Price (USD),Price per GB (USD),HPE Recommended,Start Date,Discontinued Date,Diff Status,Previous List Price (USD),Price Change (USD),Price Change (%),Price History Trail
Chassis,Variants,HPE OCA > DL380a Gen12 [P76706-B21] > Chassis > Variants,Base Chassis,"min 1, max 1",1,1,Base chassis captured from the active OCA configuration summary,P76706-B21,CTO,HPE ProLiant Compute DL380a Gen12 8 Double Wide/16 Single Wide Configure-to-order Server,1,"$21,407.00",,,,Yes,03/03/2025,02/29/2028,ADDED,N/A,"$21,407.00",$100.00,"$2,026.00"
Processor,Processor,HPE OCA > DL380a Gen12 [P76706-B21] > Processor > Processor,Processor,"min 1, max 2",1,2,Selection constraint for Processor: max 2,P71117-B21,Standard,Intel Xeon 6710E 2.4GHz 64-core 205W Processor for HPE,0,"$6,096.00",$0.00,$0.00,,No,11/04/2024,06/30/2029,ADDED,N/A,"$6,096.00",$100.00,"$2,026.00"
Processor,Processor,HPE OCA > DL380a Gen12 [P76706-B21] > Processor > Processor,Processor,"min 1, max 2",1,2,Selection constraint for Processor: max 2,P73834-B21,Standard,Intel Xeon 6767P 2.4GHz 64-core 350W Processor for HPE,0,"$22,485.00",$0.00,$0.00,,No,02/24/2025,06/30/2029,ADDED,N/A,"$22,485.00",$100.00,"$2,026.00"
Processor,Processor,HPE OCA > DL380a Gen12 [P76706-B21] > Processor > Processor,Processor,"min 1, max 2",1,2,Selection constraint for Processor: max 2,P74506-B21,Standard,Intel Xeon 6515P 2.3GHz 16-core 150W Processor for HPE,0,"$2,457.00",$0.00,$0.00,,No,02/24/2025,06/30/2029,ADDED,N/A,"$2,457.00",$100.00,"$2,026.00"
Processor,Processor,HPE OCA > DL380a Gen12 [P76706-B21] > Processor > Processor,Processor,"min 1, max 2",1,2,Selection constraint for Processor: max 2,P74508-B21,Standard,Intel Xeon 6714P 4.0GHz 8-core 165W Processor for HPE,0,"$8,941.00",$0.00,$0.00,,No,06/02/2025,06/30/2029,ADDED,N/A,"$8,941.00",$100.00,"$2,026.00"
Processor,Processor,HPE OCA > DL380a Gen12 [P76706-B21] > Processor > Processor,Processor,"min 1, max 2",1,2,Selection constraint for Processor: max 2,P74509-B21,Standard,Intel Xeon 6724P 3.6GHz 16-core 210W Processor for HPE,0,"$11,074.00",$0.00,$0.00,,No,06/02/2025,06/30/2029,ADDED,N/A,"$11,074.00",$100.00,"$2,026.00"
Processor,Processor,HPE OCA > DL380a Gen12 [P76706-B21] > Processor > Processor,Processor,"min 1, max 2",1,2,Selection constraint for Processor: max 2,P74570-B21,Standard,Intel Xeon 6527P 3.0GHz 24-core 255W Processor for HPE,0,"$8,123.00",$0.00,$0.00,,No,02/24/2025,06/30/2029,ADDED,N/A,"$8,123.00",$100.00,"$2,026.00"
Processor,Processor,HPE OCA > DL380a Gen12 [P76706-B21] > Processor > Processor,Processor,"min 1, max 2",1,2,Selection constraint for Processor: max 2,P74571-B21,Standard,Intel Xeon 6530P 2.3GHz 32-core 225W Processor for HPE,0,"$6,830.00",$0.00,$0.00,,No,02/24/2025,06/30/2029,ADDED,N/A,"$6,830.00",$100.00,"$2,026.00"
Processor,Processor,HPE OCA > DL380a Gen12 [P76706-B21] > Processor > Processor,Processor,"min 1, max 2",1,2,Selection constraint for Processor: max 2,P71119-B21,Standard,Intel Xeon 6740E 2.4GHz 96-core 250W Processor for HPE,0,"$8,459.00",$0.00,$0.00,,No,11/04/2024,06/30/2029,ADDED,N/A,"$8,459.00",$100.00,"$2,026.00"
Processor,Processor,HPE OCA > DL380a Gen12 [P76706-B21] > Processor > Processor,Processor,"min 1, max 2",1,2,Selection constraint for Processor: max 2,P71120-B21,Standard,Intel Xeon 6746E 2.0GHz 112-core 250W Processor for HPE,0,"$8,965.00",$0.00,$0.00,,No,11/04/2024,06/30/2029,ADDED,N/A,"$8,965.00",$100.00,"$2,026.00"
Processor,Processor,HPE OCA > DL380a Gen12 [P76706-B21] > Processor > Processor,Processor,"min 1, max 2",1,2,Selection constraint for Processor: max 2,P71121-B21,Standard,Intel Xeon 6756E 1.8GHz 128-core 225W Processor for HPE,0,"$11,891.00",$0.00,$0.00,,No,11/04/2024,06/30/2029,ADDED,N/A,"$11,891.00",$100.00,"$2,026.00"
Processor,Processor,HPE OCA > DL380a Gen12 [P76706-B21] > Processor > Processor,Processor,"min 1, max 2",1,2,Selection constraint for Processor: max 2,P71122-B21,Standard,Intel Xeon 6766E 1.9GHz 144-core 250W Processor for HPE,0,"$14,473.00",$0.00,$0.00,,No,11/04/2024,06/30/2029,ADDED,N/A,"$14,473.00",$100.00,"$2,026.00"
Processor,Processor,HPE OCA > DL380a Gen12 [P76706-B21] > Processor > Processor,Processor,"min 1, max 2",1,2,Selection constraint for Processor: max 2,P71124-B21,Standard,Intel Xeon 6780E 2.2GHz 144-core 330W Processor for HPE,0,"$16,019.00",$0.00,$0.00,,No,02/24/2025,06/30/2029,ADDED,N/A,"$16,019.00",$100.00,"$2,026.00"
Processor,Processor,HPE OCA > DL380a Gen12 [P76706-B21] > Processor > Processor,Processor,"min 1, max 2",1,2,Selection constraint for Processor: max 2,P73829-B21,Standard,Intel Xeon 6740P 2.1GHz 48-core 270W Processor for HPE,0,"$13,124.00",$0.00,$0.00,,No,02/24/2025,06/30/2029,ADDED,N/A,"$13,124.00",$100.00,"$2,026.00"
Processor,Processor,HPE OCA > DL380a Gen12 [P76706-B21] > Processor > Processor,Processor,"min 1, max 2",1,2,Selection constraint for Processor: max 2,P73831-B21,Standard,Intel Xeon 6747P 2.7GHz 48-core 330W Processor for HPE,0,"$16,595.00",$0.00,$0.00,,No,02/24/2025,06/30/2029,ADDED,N/A,"$16,595.00",$100.00,"$2,026.00"
Processor,Processor,HPE OCA > DL380a Gen12 [P76706-B21] > Processor > Processor,Processor,"min 1, max 2",1,2,Selection constraint for Processor: max 2,P73832-B21,Standard,Intel Xeon 6760P 2.2GHz 64-core 330W Processor for HPE,0,"$16,517.00",$0.00,$0.00,,No,02/24/2025,06/30/2029,ADDED,N/A,"$16,517.00",$100.00,"$2,026.00"
Processor,Processor,HPE OCA > DL380a Gen12 [P76706-B21] > Processor > Processor,Processor,"min 1, max 2",1,2,Selection constraint for Processor: max 2,P73835-B21,Standard,Intel Xeon 6768P 2.4GHz 64-core 330W Processor for HPE,0,"$48,922.00",$0.00,$0.00,,No,06/02/2025,06/30/2029,ADDED,N/A,"$48,922.00",$100.00,"$2,026.00"
Processor,Processor,HPE OCA > DL380a Gen12 [P76706-B21] > Processor > Processor,Processor,"min 1, max 2",1,2,Selection constraint for Processor: max 2,P73837-B21,Standard,Intel Xeon 6787P 2.0GHz 86-core 350W Processor for HPE,0,"$23,285.00",$0.00,$0.00,,No,02/24/2025,06/30/2029,ADDED,N/A,"$23,285.00",$100.00,"$2,026.00"
Processor,Processor,HPE OCA > DL380a Gen12 [P76706-B21] > Processor > Processor,Processor,"min 1, max 2",1,2,Selection constraint for Processor: max 2,P73838-B21,Standard,Intel Xeon 6788P 2.0GHz 86-core 350W Processor for HPE,0,"$58,094.00",$0.00,$0.00,,No,06/02/2025,06/30/2029,ADDED,N/A,"$58,094.00",$100.00,"$2,026.00"
Processor,Processor,HPE OCA > DL380a Gen12 [P76706-B21] > Processor > Processor,Processor,"min 1, max 2",1,2,Selection constraint for Processor: max 2,P74503-B21,Standard,Intel Xeon 6505P 2.2GHz 12-core 150W Processor for HPE,0,"$1,756.00",$0.00,$0.00,,No,02/24/2025,06/30/2029,ADDED,N/A,"$1,756.00",$100.00,"$2,026.00"
Processor,Processor,HPE OCA > DL380a Gen12 [P76706-B21] > Processor > Processor,Processor,"min 1, max 2",1,2,Selection constraint for Processor: max 2,P74504-B21,Standard,Intel Xeon 6507P 3.5GHz 8-core 150W Processor for HPE,0,"$2,293.00",$0.00,$0.00,,No,02/24/2025,06/30/2029,ADDED,N/A,"$2,293.00",$100.00,"$2,026.00"
Processor,Processor,HPE OCA > DL380a Gen12 [P76706-B21] > Processor > Processor,Processor,"min 1, max 2",1,2,Selection constraint for Processor: max 2,P74507-B21,Standard,Intel Xeon 6517P 3.2GHz 16-core 190W Processor for HPE,0,"$3,734.00",$0.00,$0.00,,No,02/24/2025,06/30/2029,ADDED,N/A,"$3,734.00",$100.00,"$2,026.00"
Processor,Processor,HPE OCA > DL380a Gen12 [P76706-B21] > Processor > Processor,Processor,"min 1, max 2",1,2,Selection constraint for Processor: max 2,P74568-B21,Standard,Intel Xeon 6520P 2.4GHz 24-core 210W Processor for HPE,2,"$4,242.00",$0.00,$0.00,,No,02/24/2025,06/30/2029,ADDED,N/A,"$4,242.00",$100.00,"$2,026.00"
Processor,Processor,HPE OCA > DL380a Gen12 [P76706-B21] > Processor > Processor,Processor,"min 1, max 2",1,2,Selection constraint for Processor: max 2,P74572-B21,Standard,Intel Xeon 6728P 2.7GHz 24-core 210W Processor for HPE,0,"$7,493.00",$0.00,$0.00,,No,06/02/2025,06/30/2029,ADDED,N/A,"$7,493.00",$100.00,"$2,026.00"
Processor,Processor,HPE OCA > DL380a Gen12 [P76706-B21] > Processor > Processor,Processor,"min 1, max 2",1,2,Selection constraint for Processor: max 2,P74573-B21,Standard,Intel Xeon 6730P 2.5GHz 32-core 250W Processor for HPE,0,"$10,516.00",$0.00,$0.00,,No,02/24/2025,06/30/2029,ADDED,N/A,"$10,516.00",$100.00,"$2,026.00"
Processor,Processor,HPE OCA > DL380a Gen12 [P76706-B21] > Processor > Processor,Processor,"min 1, max 2",1,2,Selection constraint for Processor: max 2,P74575-B21,Standard,Intel Xeon 6736P 2.0GHz 36-core 205W Processor for HPE,0,"$10,247.00",$0.00,$0.00,,No,02/24/2025,06/30/2029,ADDED,N/A,"$10,247.00",$100.00,"$2,026.00"
Processor,Processor,HPE OCA > DL380a Gen12 [P76706-B21] > Processor > Processor,Processor,"min 1, max 2",1,2,Selection constraint for Processor: max 2,P74576-B21,Standard,Intel Xeon 6737P 2.9GHz 32-core 270W Processor for HPE,0,"$14,682.00",$0.00,$0.00,,No,02/24/2025,06/30/2029,ADDED,N/A,"$14,682.00",$100.00,"$2,026.00"
Processor,Processor,HPE OCA > DL380a Gen12 [P76706-B21] > Processor > Processor,Processor,"min 1, max 2",1,2,Selection constraint for Processor: max 2,P74577-B21,Standard,Intel Xeon 6738P 2.9GHz 32-core 270W Processor for HPE,0,"$17,305.00",$0.00,$0.00,,No,06/02/2025,06/30/2029,ADDED,N/A,"$17,305.00",$100.00,"$2,026.00"
Processor,Processor,HPE OCA > DL380a Gen12 [P76706-B21] > Processor > Processor,Processor,"min 1, max 2",1,2,Selection constraint for Processor: max 2,P74578-B21,Standard,Intel Xeon 6732P 3.8GHz 32-core 350W Processor for HPE,0,"$13,581.00",$0.00,$0.00,,No,03/02/2026,06/30/2029,ADDED,N/A,"$13,581.00",$100.00,"$2,026.00"
Processor,Processor,HPE OCA > DL380a Gen12 [P76706-B21] > Processor > Processor,Processor,"min 1, max 2",1,2,Selection constraint for Processor: max 2,P74579-B21,Standard,Intel Xeon 6748P 2.5GHz 48-core 300W Processor for HPE,0,"$38,913.00",$0.00,$0.00,,No,06/02/2025,06/30/2029,ADDED,N/A,"$38,913.00",$100.00,"$2,026.00"
Processor,Processor,HPE OCA > DL380a Gen12 [P76706-B21] > Processor > Processor,Processor,"min 1, max 2",1,2,Selection constraint for Processor: max 2,P81591-B21,Standard,Intel Xeon 6745P 3.1GHz 32-core 300W Processor for HPE,0,"$14,818.00",$0.00,$0.00,,No,07/07/2025,06/30/2029,ADDED,N/A,"$14,818.00",$100.00,"$2,026.00"
Processor,Processor,HPE OCA > DL380a Gen12 [P76706-B21] > Processor > Processor,Processor,"min 1, max 2",1,2,Selection constraint for Processor: max 2,P87302-B21,Standard,Intel Xeon 6725P 3.7GHz 16-core 235W Processor for HPE,0,"$12,209.00",$0.00,$0.00,,No,01/05/2026,06/30/2029,ADDED,N/A,"$12,209.00",$100.00,"$2,026.00"
Cooling / Thermal,Heatsink Kit,HPE OCA > DL380a Gen12 [P76706-B21] > Cooling / Thermal > Heatsink Kit,Cooling / Thermal,max 1,0,1,Selection constraint for Heatsink Kit: max 1,P82520-B21,Standard,HPE ProLiant Compute DL380a Gen12 CPU Direct Liquid Cooling FIO Kit,0,"$3,258.00",,$0.00,,No,07/07/2025,02/29/2028,ADDED,N/A,"$3,258.00",$100.00,"$2,026.00"
Memory,Memory,HPE OCA > DL380a Gen12 [P76706-B21] > Memory > Memory,Memory,max 32,0,32,Selection constraint for Memory: max 32,P69728-F21,Standard,HPE 64GB (1x64GB) Dual Rank x4 DDR5-6400 CAS-52-52-52 EC8 Registered Smart FIO Memory Kit,4,"$28,532.00",,$0.00,,No,04/06/2026,03/31/2028,ADDED,N/A,"$28,532.00",$100.00,"$2,026.00"
Memory,Memory,HPE OCA > DL380a Gen12 [P76706-B21] > Memory > Memory,Memory,max 32,0,32,These products are hidden due to Supply constraints,P69726-B21,Standard,HPE 16GB (1x16GB) Single Rank x8 DDR5-6400 CAS-52-52-52 EC8 Registered Smart Memory Kit,0,"$7,439.00",,$0.00,,No,02/24/2025,11/30/2027,ADDED,N/A,"$7,439.00",$100.00,"$2,026.00"
Memory,Memory,HPE OCA > DL380a Gen12 [P76706-B21] > Memory > Memory,Memory,max 32,0,32,These products are hidden due to Supply constraints,P69726-F21,Standard,HPE 16GB (1x16GB) Single Rank x8 DDR5-6400 CAS-52-52-52 EC8 Registered Smart FIO Memory Kit,0,"$7,439.00",,$0.00,,No,04/06/2026,11/30/2027,ADDED,N/A,"$7,439.00",$100.00,"$2,026.00"
Memory,Memory,HPE OCA > DL380a Gen12 [P76706-B21] > Memory > Memory,Memory,max 32,0,32,These products are hidden due to Supply constraints,P69727-B21,Standard,HPE 32GB (1x32GB) Dual Rank x8 DDR5-6400 CAS-52-52-52 EC8 Registered Smart Memory Kit,0,"$13,909.00",,$0.00,,No,09/24/2024,03/31/2028,ADDED,N/A,"$13,909.00",$100.00,"$2,026.00"
Memory,Memory,HPE OCA > DL380a Gen12 [P76706-B21] > Memory > Memory,Memory,max 32,0,32,These products are hidden due to Supply constraints,P69728-B21,Standard,HPE 64GB (1x64GB) Dual Rank x4 DDR5-6400 CAS-52-52-52 EC8 Registered Smart Memory Kit,0,"$28,532.00",,$0.00,,No,09/24/2024,03/31/2028,ADDED,N/A,"$28,532.00",$100.00,"$2,026.00"
Memory,Memory,HPE OCA > DL380a Gen12 [P76706-B21] > Memory > Memory,Memory,max 32,0,32,These products are hidden due to Supply constraints,P69729-B21,Standard,HPE 96GB (1x96GB) Dual Rank x4 DDR5-6400 CAS-52-52-52 EC8 Registered Smart Memory Kit,0,"$47,056.00",,$0.00,,No,11/04/2024,03/31/2028,ADDED,N/A,"$47,056.00",$100.00,"$2,026.00"
Memory,Memory,HPE OCA > DL380a Gen12 [P76706-B21] > Memory > Memory,Memory,max 32,0,32,These products are hidden due to Supply constraints,P69730-B21,Standard,HPE 128GB (1x128GB) Dual Rank x4 DDR5-6400 CAS-52-52-52 EC8 Registered Smart Memory Kit,0,"$60,190.00",,$0.00,,No,09/24/2024,03/31/2028,ADDED,N/A,"$60,190.00",$100.00,"$2,026.00"
Memory,Memory,HPE OCA > DL380a Gen12 [P76706-B21] > Memory > Memory,Memory,max 32,0,32,These products are hidden due to Supply constraints,P73447-B21,Standard,HPE 256GB (1x256GB) Quad Rank x4 DDR5-6400 CAS-60-52-52 EC8 Registered 3DS Smart Memory Kit,0,"$133,186.00",,$0.00,,No,02/24/2025,03/31/2028,ADDED,N/A,"$133,186.00",$100.00,"$2,026.00"
Memory,Memory,HPE OCA > DL380a Gen12 [P76706-B21] > Memory > Memory,Memory,max 32,0,32,Mixing of memory is not allowed.,P69727-F21,Standard,HPE 32GB (1x32GB) Dual Rank x8 DDR5-6400 CAS-52-52-52 EC8 Registered Smart FIO Memory Kit,0,"$13,909.00",,$0.00,,No,04/06/2026,03/31/2028,ADDED,N/A,"$13,909.00",$100.00,"$2,026.00"
Memory,Memory,HPE OCA > DL380a Gen12 [P76706-B21] > Memory > Memory,Memory,max 32,0,32,Mixing of memory is not allowed.,P69729-F21,Standard,HPE 96GB (1x96GB) Dual Rank x4 DDR5-6400 CAS-52-52-52 EC8 Registered Smart FIO Memory Kit,0,"$47,056.00",,$0.00,,No,04/06/2026,03/31/2028,ADDED,N/A,"$47,056.00",$100.00,"$2,026.00"
Memory,Memory,HPE OCA > DL380a Gen12 [P76706-B21] > Memory > Memory,Memory,max 32,0,32,Mixing of memory is not allowed.,P69730-F21,Standard,HPE 128GB (1x128GB) Dual Rank x4 DDR5-6400 CAS-52-52-52 EC8 Registered Smart FIO Memory Kit,0,"$60,190.00",,$0.00,,No,04/06/2026,03/31/2028,ADDED,N/A,"$60,190.00",$100.00,"$2,026.00"
Memory,Memory,HPE OCA > DL380a Gen12 [P76706-B21] > Memory > Memory,Memory,max 32,0,32,Mixing of memory is not allowed.,P73447-F21,Standard,HPE 256GB (1x256GB) Quad Rank x4 DDR5-6400 CAS-60-52-52 EC8 Registered 3DS Smart FIO Memory Kit,0,"$133,186.00",,$0.00,,No,04/06/2026,03/31/2028,ADDED,N/A,"$133,186.00",$100.00,"$2,026.00"
Graphics & GPU,GPU Mode,HPE OCA > DL380a Gen12 [P76706-B21] > Graphics & GPU > GPU Mode,GPU / Accelerator,max 1,0,1,Selection constraint for GPU Mode: max 1,P75002-B21,Standard,HPE ProLiant Compute DL380a Gen12 4 Double Wide FIO Configuration,0,$1.00,,$0.00,,No,11/04/2024,02/29/2028,ADDED,N/A,$1.00,$100.00,"$2,026.00"
Graphics & GPU,GPU Mode,HPE OCA > DL380a Gen12 [P76706-B21] > Graphics & GPU > GPU Mode,GPU / Accelerator,max 1,0,1,Selection constraint for GPU Mode: max 1,P75005-B21,Standard,HPE ProLiant Compute DL380a Gen12 10 Double Wide FIO Configuration,0,$0.00,,$0.00,,No,05/05/2025,05/31/2028,ADDED,N/A,$0.00,$0.00,2026-09-06: (no price)
Graphics & GPU,GPU Mode,HPE OCA > DL380a Gen12 [P76706-B21] > Graphics & GPU > GPU Mode,GPU / Accelerator,max 1,0,1,Selection constraint for GPU Mode: max 1,P75008-B21,Standard,HPE ProLiant Compute DL380a Gen12 8 Double Wide/16 Single Wide FIO Configuration,0,$1.00,,$0.00,,No,11/04/2024,02/29/2028,ADDED,N/A,$1.00,$100.00,"$2,026.00"
Graphics & GPU,GPU Mode,HPE OCA > DL380a Gen12 [P76706-B21] > Graphics & GPU > GPU Mode,GPU / Accelerator,max 1,0,1,Selection constraint for GPU Mode: max 1,P75011-B21,Standard,HPE ProLiant Compute DL380a Gen12 8 Double Wide NIC FIO Configuration,0,$1.00,,$0.00,,No,03/03/2025,05/31/2028,ADDED,N/A,$1.00,$100.00,"$2,026.00"
Storage Controllers,SAS Controller,HPE OCA > DL380a Gen12 [P76706-B21] > Storage Controllers > SAS Controller,Storage Controller,max 2,0,2,Selection constraint for SAS Controller: max 2,P75697-B21,Standard,HPE MR932i-p x32 Lanes PCIe Gen5 SPDM Plug-in Storage Controller,0,"$11,399.00",,$0.00,,No,02/02/2026,06/30/2029,ADDED,N/A,"$11,399.00",$100.00,"$2,026.00"
Storage Controllers,SAS Controller,HPE OCA > DL380a Gen12 [P76706-B21] > Storage Controllers > SAS Controller,Storage Controller,max 2,0,2,Selection constraint for SAS Controller: max 2,P47777-B21,Standard,HPE MR416i-p Gen11 x16 Lanes 8GB Cache PCI SPDM Plug-in Storage Controller,0,"$5,999.00",,$0.00,,No,11/10/2022,04/30/2029,ADDED,N/A,"$5,999.00",$100.00,"$2,026.00"
Storage Controllers,SAS Controller,HPE OCA > DL380a Gen12 [P76706-B21] > Storage Controllers > SAS Controller,Storage Controller,max 2,0,2,Selection constraint for SAS Controller: max 2,P47781-B21,Standard,HPE MR416i-o Gen11 x16 Lanes 8GB Cache OCP SPDM Storage Controller,0,"$5,699.00",,$0.00,,No,11/10/2022,04/30/2029,ADDED,N/A,"$5,699.00",$100.00,"$2,026.00"
Drive Enclosures / Drives,Drive Cage,HPE OCA > DL380a Gen12 [P76706-B21] > Drive Enclosures / Drives > Drive Cage,Drive Cage / Drive,max 4,0,4,Selection constraint for Drive Cage: max 4,P74710-B21,Standard,HPE ProLiant Compute DL380a Gen12 4SFF FIO Drive Cage Kit,1,$372.00,,$0.00,,No,11/04/2024,02/29/2028,ADDED,N/A,$372.00,$100.00,"$2,026.00"
Drive Enclosures / Drives,Drive Cage,HPE OCA > DL380a Gen12 [P76706-B21] > Drive Enclosures / Drives > Drive Cage,Drive Cage / Drive,max 4,0,4,Mixing of Drive Cage not allowed.,P74712-B21,Standard,HPE ProLiant Compute DL380a Gen12 4EDSFF FIO Drive Cage Kit,0,$227.00,,$0.00,,No,11/04/2024,02/29/2028,ADDED,N/A,$227.00,$100.00,"$2,026.00"
Storage Controllers,Internal Storage Controller Cables,HPE OCA > DL380a Gen12 [P76706-B21] > Storage Controllers > Internal Storage Controller Cables,Cable Kit,max 2,0,2,Selection constraint for Internal Storage Controller Cables: max 2,P74706-B21,Standard,HPE ProLiant Compute DL380a Gen12 8NVMe Front Direct Attach Cable Kit,0,$312.00,,$0.00,,No,03/03/2025,02/29/2028,ADDED,N/A,$312.00,$100.00,"$2,026.00"
Storage Controllers,Internal Storage Controller Cables,HPE OCA > DL380a Gen12 [P76706-B21] > Storage Controllers > Internal Storage Controller Cables,Cable Kit,max 2,0,2,Selection constraint for Internal Storage Controller Cables: max 2,P79347-B21,Standard,HPE ProLiant Compute DL380a Gen12 16EDSFF x2 Direct Attach Cable Kit,0,$769.00,,$0.00,,No,03/03/2025,02/29/2028,ADDED,N/A,$769.00,$100.00,"$2,026.00"
Storage Controllers,Internal Storage Controller Cables,HPE OCA > DL380a Gen12 [P76706-B21] > Storage Controllers > Internal Storage Controller Cables,Cable Kit,max 2,0,2,Selection constraint for Internal Storage Controller Cables: max 2,P80572-B21,Standard,HPE ProLiant Compute DL380a Gen12 MR932i-p FIO Cable Kit,0,$550.00,,$0.00,,No,03/02/2026,02/29/2028,ADDED,N/A,$550.00,$100.00,"$2,026.00"
Storage Controllers,Internal Storage Controller Cables,HPE OCA > DL380a Gen12 [P76706-B21] > Storage Controllers > Internal Storage Controller Cables,Cable Kit,max 2,0,2,Selection constraint for Internal Storage Controller Cables: max 2,P74702-B21,Standard,HPE ProLiant Compute DL380a Gen12 4NVMe Direct Attach Cable Kit,1,$170.00,,$0.00,,No,11/04/2024,02/29/2028,ADDED,N/A,$170.00,$100.00,"$2,026.00"
Storage Controllers,Internal Storage Controller Cables,HPE OCA > DL380a Gen12 [P76706-B21] > Storage Controllers > Internal Storage Controller Cables,Cable Kit,max 2,0,2,Selection constraint for Internal Storage Controller Cables: max 2,P74704-B21,Standard,HPE ProLiant Compute DL380a Gen12 4EDSFF Direct Attach Cable Kit,0,$272.00,,$0.00,,No,11/04/2024,02/29/2028,ADDED,N/A,$272.00,$100.00,"$2,026.00"
Storage Controllers,Internal Storage Controller Cables,HPE OCA > DL380a Gen12 [P76706-B21] > Storage Controllers > Internal Storage Controller Cables,Cable Kit,max 2,0,2,Selection constraint for Internal Storage Controller Cables: max 2,P74708-B21,Standard,HPE ProLiant Compute DL380a Gen12 8NVMe Rear Direct Attach Cable Kit,0,$537.00,,$0.00,,No,11/04/2024,02/29/2028,ADDED,N/A,$537.00,$100.00,"$2,026.00"
Storage Controllers,Internal Storage Controller Cables,HPE OCA > DL380a Gen12 [P76706-B21] > Storage Controllers > Internal Storage Controller Cables,Cable Kit,max 2,0,2,Selection constraint for Internal Storage Controller Cables: max 2,P74716-B21,Standard,HPE ProLiant Compute DL380a Gen12 4EDSFF Direct Attach Cable for NVIDIA,0,"$1,009.00",,$0.00,,No,11/04/2024,02/29/2028,ADDED,N/A,"$1,009.00",$100.00,"$2,026.00"
Storage Controllers,Internal Storage Controller Cables,HPE OCA > DL380a Gen12 [P76706-B21] > Storage Controllers > Internal Storage Controller Cables,Cable Kit,max 2,0,2,Selection constraint for Internal Storage Controller Cables: max 2,P78956-B21,Standard,HPE DL380a G12 EDSFF DA PCIe4 Cable Kit,0,"$1,152.00",,$0.00,,No,02/03/2025,02/29/2028,ADDED,N/A,"$1,152.00",$100.00,"$2,026.00"
Cooling / Thermal,Heatsink Kit,HPE OCA > DL380a Gen12 [P76706-B21] > Cooling / Thermal > Heatsink Kit,Cable Kit,max 1,0,1,This Cable (P76700-B21) can be selected only if MR416i-p controller is selected.,P76700-B21,Standard,HPE ProLiant Compute DL380a Gen12 NVMe to Tri-Mode PCIe FIO Cable Kit,0,$518.00,,$0.00,,No,03/03/2025,02/29/2028,ADDED,N/A,$518.00,$100.00,"$2,026.00"
Cooling / Thermal,Heatsink Kit,HPE OCA > DL380a Gen12 [P76706-B21] > Cooling / Thermal > Heatsink Kit,Cable Kit,max 1,0,1,This Cable (P76702-B21) can be selected only if MR416i-o controller is selected.,P76702-B21,Standard,HPE ProLiant Compute DL380a Gen12 NVMe to Tri-Mode OCP FIO Cable Kit,0,$384.00,,$0.00,,No,03/03/2025,02/29/2028,ADDED,N/A,$384.00,$100.00,"$2,026.00"
Storage Controllers,Internal Storage Controller Cables,HPE OCA > DL380a Gen12 [P76706-B21] > Storage Controllers > Internal Storage Controller Cables,Cable Kit,max 2,0,2,Selection constraint for Internal Storage Controller Cables: max 2,P02381-B21,Standard,HPE Smart Storage Hybrid Capacitor with 260mm Cable Kit,0,$422.00,$0.00,$0.00,,No,04/02/2019,06/30/2027,ADDED,N/A,$422.00,$100.00,"$2,026.00"
Storage Controllers,Internal Storage Controller Cables,HPE OCA > DL380a Gen12 [P76706-B21] > Storage Controllers > Internal Storage Controller Cables,Cable Kit,max 2,0,2,Selection constraint for Internal Storage Controller Cables: max 2,P01367-B21,Standard,HPE 96W Smart Storage Lithium-ion Battery with 260mm Cable Kit,0,$140.00,$0.00,$0.00,,No,12/18/2017,04/30/2029,ADDED,N/A,$140.00,$100.00,"$2,026.00"
Drive Enclosures / Drives,Hot Plug SFF,HPE OCA > DL380a Gen12 [P76706-B21] > Drive Enclosures / Drives > Hot Plug SFF,Drive Cage / Drive,max 4,0,4,Selection constraint for Hot Plug SFF: max 4,P50219-B21,Standard,HPE 3.84TB NVMe Gen4 High Performance Read Intensive SFF BC U.3 PM1733a SSD,0,"$42,602.00",,$0.00,,No,07/07/2022,02/28/2027,ADDED,N/A,"$42,602.00",$100.00,"$2,026.00"
Drive Enclosures / Drives,Hot Plug SFF,HPE OCA > DL380a Gen12 [P76706-B21] > Drive Enclosures / Drives > Hot Plug SFF,Drive Cage / Drive,max 4,0,4,Selection constraint for Hot Plug SFF: max 4,P50233-B21,Standard,HPE 6.4TB NVMe Gen4 High Performance Mixed Use SFF BC U.3 PM1735a SSD,0,"$74,212.00",,$0.00,,No,07/05/2022,02/28/2027,ADDED,N/A,"$74,212.00",$100.00,"$2,026.00"
Drive Enclosures / Drives,Hot Plug SFF,HPE OCA > DL380a Gen12 [P76706-B21] > Drive Enclosures / Drives > Hot Plug SFF,Drive Cage / Drive,max 4,0,4,Selection constraint for Hot Plug SFF: max 4,P84236-B21,Standard,HPE 15.36TB NVMe Gen4 Mainstream Performance Read Intensive BC U.3 Static V2 SPDM Multi Vendor SSD,0,"$90,454.00",,$0.00,,No,11/03/2025,06/30/2028,ADDED,N/A,"$90,454.00",$100.00,"$2,026.00"
Drive Enclosures / Drives,Hot Plug SFF,HPE OCA > DL380a Gen12 [P76706-B21] > Drive Enclosures / Drives > Hot Plug SFF,Drive Cage / Drive,max 4,0,4,Selection constraint for Hot Plug SFF: max 4,P50227-B21,Standard,HPE 1.6TB NVMe Gen4 High Performance Mixed Use SFF BC U.3 PM1735a SSD,0,"$29,987.00",,$0.00,,No,07/05/2022,12/31/2026,ADDED,N/A,"$29,987.00",$100.00,"$2,026.00"
Drive Enclosures / Drives,Hot Plug SFF,HPE OCA > DL380a Gen12 [P76706-B21] > Drive Enclosures / Drives > Hot Plug SFF,Drive Cage / Drive,max 4,0,4,Selection constraint for Hot Plug SFF: max 4,P64842-B21,Standard,HPE 960GB NVMe Gen4 Mainstream Performance Read Intensive SFF BC U.3 Static V2 Multi Vendor SSD,0,"$14,409.00",,$0.00,,No,09/05/2023,06/30/2027,ADDED,N/A,"$14,409.00",$100.00,"$2,026.00"
Drive Enclosures / Drives,Hot Plug SFF,HPE OCA > DL380a Gen12 [P76706-B21] > Drive Enclosures / Drives > Hot Plug SFF,Drive Cage / Drive,max 4,0,4,Selection constraint for Hot Plug SFF: max 4,P78801-B21,Standard,HPE 3.2TB NVMe Gen4 High Performance Mixed Use SFF BC U.3 Static PM1755 SSD,0,"$22,715.00",,$0.00,,No,04/06/2026,12/31/2027,ADDED,N/A,"$22,715.00",$100.00,"$2,026.00"
Drive Enclosures / Drives,Hot Plug SFF,HPE OCA > DL380a Gen12 [P76706-B21] > Drive Enclosures / Drives > Hot Plug SFF,Drive Cage / Drive,max 4,0,4,Selection constraint for Hot Plug SFF: max 4,P78804-B21,Standard,HPE 6.4TB NVMe Gen4 High Performance Mixed Use SFF BC U.3 Static PM1755 SSD,0,"$35,032.00",,$0.00,,No,04/06/2026,12/31/2027,ADDED,N/A,"$35,032.00",$100.00,"$2,026.00"
Drive Enclosures / Drives,Hot Plug SFF,HPE OCA > DL380a Gen12 [P76706-B21] > Drive Enclosures / Drives > Hot Plug SFF,Drive Cage / Drive,max 4,0,4,Selection constraint for Hot Plug SFF: max 4,P78806-B21,Standard,HPE 3.84TB NVMe Gen4 High Performance Read Intensive SFF BC U.3 Static PM1753 SSD,0,"$22,715.00",,$0.00,,No,04/06/2026,12/31/2027,ADDED,N/A,"$22,715.00",$100.00,"$2,026.00"
Drive Enclosures / Drives,Hot Plug SFF,HPE OCA > DL380a Gen12 [P76706-B21] > Drive Enclosures / Drives > Hot Plug SFF,Drive Cage / Drive,max 4,0,4,Selection constraint for Hot Plug SFF: max 4,P84239-B21,Standard,HPE 15.36TB NVMe Gen4 Mainstream Performance Read Intensive SFF BC U.3 SPDM 7500b SSD,0,"$83,798.00",,$0.00,,No,11/03/2025,02/28/2027,ADDED,N/A,"$83,798.00",$100.00,"$2,026.00"
Drive Enclosures / Drives,Hot Plug SFF,HPE OCA > DL380a Gen12 [P76706-B21] > Drive Enclosures / Drives > Hot Plug SFF,Drive Cage / Drive,max 4,0,4,Selection constraint for Hot Plug SFF: max 4,P84242-B21,Standard,HPE 7.68TB NVMe Gen4 Mainstream Performance Read Intensive SFF BC U.3 SPDM 7500 SSD,0,"$48,277.00",,$0.00,,No,09/02/2025,02/28/2027,ADDED,N/A,"$48,277.00",$100.00,"$2,026.00"
Drive Enclosures / Drives,Hot Plug SFF,HPE OCA > DL380a Gen12 [P76706-B21] > Drive Enclosures / Drives > Hot Plug SFF,Drive Cage / Drive,max 4,0,4,Selection constraint for Hot Plug SFF: max 4,P84244-B21,Standard,HPE 3.84TB NVMe Gen4 Mainstream Performance Read Intensive SFF BC U.3 SPDM 7500 SSD,0,"$27,984.00",,$0.00,,No,09/02/2025,02/28/2027,ADDED,N/A,"$27,984.00",$100.00,"$2,026.00"
Drive Enclosures / Drives,Hot Plug SFF,HPE OCA > DL380a Gen12 [P76706-B21] > Drive Enclosures / Drives > Hot Plug SFF,Drive Cage / Drive,max 4,0,4,Selection constraint for Hot Plug SFF: max 4,P91241-B21,Standard,HPE 6.4TB NVMe Gen4 High Performance Mixed Use SFF BC U.3 Multi Vendor SSD,0,"$66,022.00",,$0.00,,No,06/01/2026,07/31/2028,ADDED,N/A,"$66,022.00",$100.00,"$2,026.00"
Drive Enclosures / Drives,Hot Plug SFF,HPE OCA > DL380a Gen12 [P76706-B21] > Drive Enclosures / Drives > Hot Plug SFF,Drive Cage / Drive,max 4,0,4,Selection constraint for Hot Plug SFF: max 4,P91243-B21,Standard,HPE 1.92TB NVMe Gen4 High Performance Read Intensive SFF BC U.3 Multi Vendor SSD,0,"$24,370.00",,$0.00,,No,06/01/2026,07/31/2028,ADDED,N/A,"$24,370.00",$100.00,"$2,026.00"
Drive Enclosures / Drives,Hot Plug SFF,HPE OCA > DL380a Gen12 [P76706-B21] > Drive Enclosures / Drives > Hot Plug SFF,Drive Cage / Drive,max 4,0,4,Selection constraint for Hot Plug SFF: max 4,P91247-B21,Standard,HPE 7.68TB NVMe Gen4 High Performance Read Intensive SFF BC U.3 Multi Vendor SSD,0,"$66,729.00",,$0.00,,No,06/01/2026,07/31/2028,ADDED,N/A,"$66,729.00",$100.00,"$2,026.00"
Drive Enclosures / Drives,Hot Plug SFF,HPE OCA > DL380a Gen12 [P76706-B21] > Drive Enclosures / Drives > Hot Plug SFF,Drive Cage / Drive,max 4,0,4,Selection constraint for Hot Plug SFF: max 4,P91249-B21,Standard,HPE 15.36TB NVMe Gen4 High Performance Read Intensive SFF BC U.3 Multi Vendor SSD,0,"$131,541.00",,$0.00,,No,06/01/2026,07/31/2028,ADDED,N/A,"$131,541.00",$100.00,"$2,026.00"
Drive Enclosures / Drives,Hot Plug SFF,HPE OCA > DL380a Gen12 [P76706-B21] > Drive Enclosures / Drives > Hot Plug SFF,Drive Cage / Drive,max 4,0,4,Selection constraint for Hot Plug SFF: max 4,P50222-B21,Standard,HPE 7.68TB NVMe Gen4 High Performance Read Intensive SFF BC U.3 PM1733a SSD,0,"$74,212.00",,$0.00,,No,07/07/2022,02/28/2027,ADDED,N/A,"$74,212.00",$100.00,"$2,026.00"
Drive Enclosures / Drives,Hot Plug SFF,HPE OCA > DL380a Gen12 [P76706-B21] > Drive Enclosures / Drives > Hot Plug SFF,Drive Cage / Drive,max 4,0,4,Selection constraint for Hot Plug SFF: max 4,P70436-B21,Standard,HPE 15.36TB NVMe Gen4 High Performance Read Intensive SFF BC U.3 PS1010 SSD,0,"$131,585.00",,$0.00,,No,07/01/2024,06/30/2028,ADDED,N/A,"$131,585.00",$100.00,"$2,026.00"
Drive Enclosures / Drives,Hot Plug SFF,HPE OCA > DL380a Gen12 [P76706-B21] > Drive Enclosures / Drives > Hot Plug SFF,Drive Cage / Drive,max 4,0,4,Selection constraint for Hot Plug SFF: max 4,P78808-B21,Standard,HPE 7.68TB NVMe Gen4 High Performance Read Intensive SFF BC U.3 Static PM1753 SSD,0,"$74,093.00",,$0.00,,No,04/06/2026,12/31/2027,ADDED,N/A,"$74,093.00",$100.00,"$2,026.00"
Drive Enclosures / Drives,Hot Plug SFF,HPE OCA > DL380a Gen12 [P76706-B21] > Drive Enclosures / Drives > Hot Plug SFF,Drive Cage / Drive,max 4,0,4,Selection constraint for Hot Plug SFF: max 4,P50216-B21,Standard,HPE 1.92TB NVMe Gen4 High Performance Read Intensive SFF BC U.3 PM1733a SSD,0,"$25,989.00",,$0.00,,No,07/07/2022,08/31/2026,ADDED,N/A,"$25,989.00",$100.00,"$2,026.00"
Drive Enclosures / Drives,Hot Plug SFF,HPE OCA > DL380a Gen12 [P76706-B21] > Drive Enclosures / Drives > Hot Plug SFF,Drive Cage / Drive,max 4,0,4,Selection constraint for Hot Plug SFF: max 4,P50224-B21,Standard,HPE 15.36TB NVMe Gen4 High Performance Read Intensive SFF BC U.3 PM1733a SSD,0,"$148,401.00",,$0.00,,No,07/07/2022,10/31/2026,ADDED,N/A,"$148,401.00",$100.00,"$2,026.00"
Drive Enclosures / Drives,Hot Plug SFF,HPE OCA > DL380a Gen12 [P76706-B21] > Drive Enclosures / Drives > Hot Plug SFF,Drive Cage / Drive,max 4,0,4,Selection constraint for Hot Plug SFF: max 4,P61019-B21,Standard,HPE 1.92TB NVMe Gen4 High Performance Read Intensive SFF BC U.3 Self-encrypting FIPS 140-3 CM7 SSD,0,"$24,766.00",,$0.00,,No,12/02/2024,09/30/2027,ADDED,N/A,"$24,766.00",$100.00,"$2,026.00"
Drive Enclosures / Drives,Hot Plug SFF,HPE OCA > DL380a Gen12 [P76706-B21] > Drive Enclosures / Drives > Hot Plug SFF,Drive Cage / Drive,max 4,0,4,Selection constraint for Hot Plug SFF: max 4,P61027-B21,Standard,HPE 3.84TB NVMe Gen4 High Performance Read Intensive SFF BC U.3 Self-encrypting FIPS 140-3 CM7 SSD,0,"$44,724.00",,$0.00,,No,12/02/2024,09/30/2027,ADDED,N/A,"$44,724.00",$100.00,"$2,026.00"
Drive Enclosures / Drives,Hot Plug SFF,HPE OCA > DL380a Gen12 [P76706-B21] > Drive Enclosures / Drives > Hot Plug SFF,Drive Cage / Drive,max 4,0,4,Selection constraint for Hot Plug SFF: max 4,P61035-B21,Standard,HPE 7.68TB NVMe Gen4 High Performance Read Intensive SFF BC U.3 Self-encrypting FIPS 140-3 CM7 SSD,0,"$66,602.00",,$0.00,,No,12/02/2024,09/30/2027,ADDED,N/A,"$66,602.00",$100.00,"$2,026.00"
Drive Enclosures / Drives,Hot Plug SFF,HPE OCA > DL380a Gen12 [P76706-B21] > Drive Enclosures / Drives > Hot Plug SFF,Drive Cage / Drive,max 4,0,4,Selection constraint for Hot Plug SFF: max 4,P61043-B21,Standard,HPE 1.6TB NVMe Gen4 High Performance Mixed Use SFF BC U.3 Self-encrypting FIPS 140-3 CM7 SSD,0,"$33,771.00",,$0.00,,No,12/02/2024,09/30/2027,ADDED,N/A,"$33,771.00",$100.00,"$2,026.00"
Drive Enclosures / Drives,Hot Plug SFF,HPE OCA > DL380a Gen12 [P76706-B21] > Drive Enclosures / Drives > Hot Plug SFF,Drive Cage / Drive,max 4,0,4,Selection constraint for Hot Plug SFF: max 4,P61051-B21,Standard,HPE 3.2TB NVMe Gen4 High Performance Mixed Use SFF BC U.3 Self-encrypting FIPS 140-3 CM7 SSD,0,"$38,760.00",,$0.00,,No,12/02/2024,09/30/2027,ADDED,N/A,"$38,760.00",$100.00,"$2,026.00"
Drive Enclosures / Drives,Hot Plug SFF,HPE OCA > DL380a Gen12 [P76706-B21] > Drive Enclosures / Drives > Hot Plug SFF,Drive Cage / Drive,max 4,0,4,Selection constraint for Hot Plug SFF: max 4,P61059-B21,Standard,HPE 6.4TB NVMe Gen4 High Performance Mixed Use SFF BC U.3 Self-encrypting FIPS 140-3 CM7 SSD,0,"$66,602.00",,$0.00,,No,12/02/2024,09/30/2027,ADDED,N/A,"$66,602.00",$100.00,"$2,026.00"
Drive Enclosures / Drives,Hot Plug SFF,HPE OCA > DL380a Gen12 [P76706-B21] > Drive Enclosures / Drives > Hot Plug SFF,Drive Cage / Drive,max 4,0,4,Selection constraint for Hot Plug SFF: max 4,P63829-B21,Standard,HPE 1.92TB NVMe Gen4 High Performance Read Intensive SFF BC U.3 CM7 SSD,0,"$24,766.00",,$0.00,,No,01/08/2024,08/31/2026,ADDED,N/A,"$24,766.00",$100.00,"$2,026.00"
Drive Enclosures / Drives,Hot Plug SFF,HPE OCA > DL380a Gen12 [P76706-B21] > Drive Enclosures / Drives > Hot Plug SFF,Drive Cage / Drive,max 4,0,4,Selection constraint for Hot Plug SFF: max 4,P63833-B21,Standard,HPE 3.84TB NVMe Gen4 High Performance Read Intensive SFF BC U.3 CM7 SSD,0,"$38,986.00",,$0.00,,No,01/08/2024,08/31/2026,ADDED,N/A,"$38,986.00",$100.00,"$2,026.00"
Drive Enclosures / Drives,Hot Plug SFF,HPE OCA > DL380a Gen12 [P76706-B21] > Drive Enclosures / Drives > Hot Plug SFF,Drive Cage / Drive,max 4,0,4,Selection constraint for Hot Plug SFF: max 4,P63837-B21,Standard,HPE 7.68TB NVMe Gen4 High Performance Read Intensive SFF BC U.3 CM7 SSD,0,"$68,034.00",,$0.00,,No,01/08/2024,08/31/2026,ADDED,N/A,"$68,034.00",$100.00,"$2,026.00"
Drive Enclosures / Drives,Hot Plug SFF,HPE OCA > DL380a Gen12 [P76706-B21] > Drive Enclosures / Drives > Hot Plug SFF,Drive Cage / Drive,max 4,0,4,Selection constraint for Hot Plug SFF: max 4,P63841-B21,Standard,HPE 15.36TB NVMe Gen4 High Performance Read Intensive SFF BC U.3 CM7 SSD,0,"$155,326.00",,$0.00,,No,01/08/2024,08/31/2026,ADDED,N/A,"$155,326.00",$100.00,"$2,026.00"
Drive Enclosures / Drives,Hot Plug SFF,HPE OCA > DL380a Gen12 [P76706-B21] > Drive Enclosures / Drives > Hot Plug SFF,Drive Cage / Drive,max 4,0,4,Selection constraint for Hot Plug SFF: max 4,P70426-B21,Standard,HPE 3.2TB NVMe Gen4 High Performance Mixed Use SFF BC U.3 PS1030 SSD,0,"$39,215.00",,$0.00,,No,07/01/2024,06/30/2028,ADDED,N/A,"$39,215.00",$100.00,"$2,026.00"
Drive Enclosures / Drives,Hot Plug SFF,HPE OCA > DL380a Gen12 [P76706-B21] > Drive Enclosures / Drives > Hot Plug SFF,Drive Cage / Drive,max 4,0,4,Selection constraint for Hot Plug SFF: max 4,P70428-B21,Standard,HPE 6.4TB NVMe Gen4 High Performance Mixed Use SFF BC U.3 PS1030 SSD,0,"$67,812.00",,$0.00,,No,07/01/2024,06/30/2028,ADDED,N/A,"$67,812.00",$100.00,"$2,026.00"
Drive Enclosures / Drives,Hot Plug SFF,HPE OCA > DL380a Gen12 [P76706-B21] > Drive Enclosures / Drives > Hot Plug SFF,Drive Cage / Drive,max 4,0,4,Selection constraint for Hot Plug SFF: max 4,P70434-B21,Standard,HPE 7.68TB NVMe Gen4 High Performance Read Intensive SFF BC U.3 PS1010 SSD,0,"$67,812.00",,$0.00,,No,07/01/2024,06/30/2028,ADDED,N/A,"$67,812.00",$100.00,"$2,026.00"
Drive Enclosures / Drives,Hot Plug SFF,HPE OCA > DL380a Gen12 [P76706-B21] > Drive Enclosures / Drives > Hot Plug SFF,Drive Cage / Drive,max 4,0,4,Selection constraint for Hot Plug SFF: max 4,P78810-B21,Standard,HPE 15.36TB NVMe Gen4 High Performance Read Intensive SFF BC U.3 Static PM1753 SSD,0,"$144,914.00",,$0.00,,No,04/06/2026,12/31/2027,ADDED,N/A,"$144,914.00",$100.00,"$2,026.00"
Drive Enclosures / Drives,Hot Plug SFF,HPE OCA > DL380a Gen12 [P76706-B21] > Drive Enclosures / Drives > Hot Plug SFF,Drive Cage / Drive,max 4,0,4,Selection constraint for Hot Plug SFF: max 4,P85662-B21,Standard,HPE 1.6TB NVMe Gen4 High Performance Mixed Use SFF BC U.3 PQC27 CM9 SSD,0,"$25,814.00",,$0.00,,No,07/06/2026,07/31/2028,ADDED,N/A,"$25,814.00",$100.00,"$2,026.00"
Drive Enclosures / Drives,Hot Plug SFF,HPE OCA > DL380a Gen12 [P76706-B21] > Drive Enclosures / Drives > Hot Plug SFF,Drive Cage / Drive,max 4,0,4,Selection constraint for Hot Plug SFF: max 4,P85664-B21,Standard,HPE 3.2TB NVMe Gen4 High Performance Mixed Use SFF BC U.3 PQC27 CM9 SSD,0,"$39,763.00",,$0.00,,No,07/06/2026,07/31/2028,ADDED,N/A,"$39,763.00",$100.00,"$2,026.00"
Drive Enclosures / Drives,Hot Plug SFF,HPE OCA > DL380a Gen12 [P76706-B21] > Drive Enclosures / Drives > Hot Plug SFF,Drive Cage / Drive,max 4,0,4,Selection constraint for Hot Plug SFF: max 4,P85666-B21,Standard,HPE 6.4TB NVMe Gen4 High Performance Mixed Use SFF BC U.3 PQC27 CM9 SSD,0,"$67,715.00",,$0.00,,No,07/06/2026,07/31/2028,ADDED,N/A,"$67,715.00",$100.00,"$2,026.00"
Drive Enclosures / Drives,Hot Plug SFF,HPE OCA > DL380a Gen12 [P76706-B21] > Drive Enclosures / Drives > Hot Plug SFF,Drive Cage / Drive,max 4,0,4,Selection constraint for Hot Plug SFF: max 4,P85668-B21,Standard,HPE 1.92TB NVMe Gen4 High Performance Read Intensive SFF BC U.3 PQC27 CM9 SSD,0,"$24,995.00",,$0.00,,No,08/03/2026,11/30/2027,ADDED,N/A,"$24,995.00",$100.00,"$2,026.00"
Drive Enclosures / Drives,Hot Plug SFF,HPE OCA > DL380a Gen12 [P76706-B21] > Drive Enclosures / Drives > Hot Plug SFF,Drive Cage / Drive,max 4,0,4,Selection constraint for Hot Plug SFF: max 4,P85670-B21,Standard,HPE 3.84TB NVMe Gen4 High Performance Read Intensive SFF BC U.3 PQC27 CM9 SSD,0,"$40,600.00",,$0.00,,No,08/03/2026,11/30/2027,ADDED,N/A,"$40,600.00",$100.00,"$2,026.00"
Drive Enclosures / Drives,Hot Plug SFF,HPE OCA > DL380a Gen12 [P76706-B21] > Drive Enclosures / Drives > Hot Plug SFF,Drive Cage / Drive,max 4,0,4,Selection constraint for Hot Plug SFF: max 4,P85672-B21,Standard,HPE 7.68TB NVMe Gen4 High Performance Read Intensive SFF BC U.3 PQC27 CM9 SSD,0,"$68,440.00",,$0.00,,No,08/03/2026,11/30/2027,ADDED,N/A,"$68,440.00",$100.00,"$2,026.00"
Drive Enclosures / Drives,Hot Plug SFF,HPE OCA > DL380a Gen12 [P76706-B21] > Drive Enclosures / Drives > Hot Plug SFF,Drive Cage / Drive,max 4,0,4,Selection constraint for Hot Plug SFF: max 4,P85674-B21,Standard,HPE 15.36TB NVMe Gen4 High Performance Read Intensive SFF BC U.3 PQC27 CM9 SSD,0,"$134,914.00",,$0.00,,No,08/03/2026,11/30/2027,ADDED,N/A,"$134,914.00",$100.00,"$2,026.00"
Drive Enclosures / Drives,Hot Plug SFF,HPE OCA > DL380a Gen12 [P76706-B21] > Drive Enclosures / Drives > Hot Plug SFF,Drive Cage / Drive,max 4,0,4,Selection constraint for Hot Plug SFF: max 4,P85676-B21,Standard,HPE 30.72TB NVMe Gen4 High Performance Read Intensive SFF BC U.3 PQC27 CM9 SSD,0,"$191,675.00",,$0.00,,No,08/03/2026,11/30/2027,ADDED,N/A,"$191,675.00",$100.00,"$2,026.00"
Drive Enclosures / Drives,Hot Plug SFF,HPE OCA > DL380a Gen12 [P76706-B21] > Drive Enclosures / Drives > Hot Plug SFF,Drive Cage / Drive,max 4,0,4,Selection constraint for Hot Plug SFF: max 4,P91237-B21,Standard,HPE 1.6TB NVMe Gen4 High Performance Mixed Use SFF BC U.3 Multi Vendor SSD,0,"$25,168.00",,$0.00,,No,06/01/2026,07/31/2028,ADDED,N/A,"$25,168.00",$100.00,"$2,026.00"
Drive Enclosures / Drives,Hot Plug SFF,HPE OCA > DL380a Gen12 [P76706-B21] > Drive Enclosures / Drives > Hot Plug SFF,Drive Cage / Drive,max 4,0,4,Selection constraint for Hot Plug SFF: max 4,P91239-B21,Standard,HPE 3.2TB NVMe Gen4 High Performance Mixed Use SFF BC U.3 Multi Vendor SSD,0,"$38,769.00",,$0.00,,No,06/01/2026,07/31/2028,ADDED,N/A,"$38,769.00",$100.00,"$2,026.00"
Drive Enclosures / Drives,Hot Plug SFF,HPE OCA > DL380a Gen12 [P76706-B21] > Drive Enclosures / Drives > Hot Plug SFF,Drive Cage / Drive,max 4,0,4,Selection constraint for Hot Plug SFF: max 4,P91245-B21,Standard,HPE 3.84TB NVMe Gen4 High Performance Read Intensive SFF BC U.3 Multi Vendor SSD,0,"$39,585.00",,$0.00,,No,06/01/2026,07/31/2028,ADDED,N/A,"$39,585.00",$100.00,"$2,026.00"
Storage Controllers,RAID Settings,HPE OCA > DL380a Gen12 [P76706-B21] > Storage Controllers > RAID Settings,Storage Controller,max 1,0,1,Selection constraint for RAID Settings: max 1,339777-B21,Standard,HPE RAID 0 Drive 1 FIO Setting,0,$1.00,,$0.00,,No,08/01/2008,09/30/2043,ADDED,N/A,$1.00,$100.00,"$2,026.00"
Storage Controllers,RAID Settings,HPE OCA > DL380a Gen12 [P76706-B21] > Storage Controllers > RAID Settings,Storage Controller,max 1,0,1,Selection constraint for RAID Settings: max 1,339778-B21,Standard,HPE RAID 1 Drive 1 FIO Setting,0,$1.00,,$0.00,,No,08/14/2003,07/31/2044,ADDED,N/A,$1.00,$100.00,"$2,026.00"
Storage Controllers,RAID Settings,HPE OCA > DL380a Gen12 [P76706-B21] > Storage Controllers > RAID Settings,Storage Controller,max 1,0,1,Selection constraint for RAID Settings: max 1,339779-B21,Standard,HPE RAID 5 Drive 1 FIO Setting,0,$1.00,,$0.00,,No,09/07/2016,09/30/2043,ADDED,N/A,$1.00,$100.00,"$2,026.00"
Storage Controllers,RAID Settings,HPE OCA > DL380a Gen12 [P76706-B21] > Storage Controllers > RAID Settings,Storage Controller,max 1,0,1,Selection constraint for RAID Settings: max 1,339780-B21,Standard,HPE Raid 5 w/SP Drive 1 FIO Setting,0,$1.00,,$0.00,,No,08/01/2008,09/30/2043,ADDED,N/A,$1.00,$100.00,"$2,026.00"
Storage Controllers,RAID Settings,HPE OCA > DL380a Gen12 [P76706-B21] > Storage Controllers > RAID Settings,Storage Controller,max 1,0,1,Selection constraint for RAID Settings: max 1,389692-B21,Standard,HPE Customer Defined RAID Setting Service,0,$1.00,,$0.00,,No,02/02/2005,12/31/2043,ADDED,N/A,$1.00,$100.00,"$2,026.00"
Software & Licenses,iLO Common Password,HPE OCA > DL380a Gen12 [P76706-B21] > Software & Licenses > iLO Common Password,Operating System / License,max 1,0,1,Selection constraint for iLO Common Password: max 1,P08040-B21,Standard,HPE iLO Common Password FIO Setting,0,$1.00,,$0.00,,No,12/02/2019,06/30/2028,ADDED,N/A,$1.00,$100.00,"$2,026.00"
Memory,Memory Setting,HPE OCA > DL380a Gen12 [P76706-B21] > Memory > Memory Setting,Memory,max 1,0,1,Selection constraint for Memory Setting: max 1,875293-B21,Standard,HPE Smart Memory Fast Fault Tolerance FIO Setting,0,$1.00,,$0.00,,No,07/11/2017,06/30/2029,ADDED,N/A,$1.00,$100.00,"$2,026.00"
PCIe Risers,Riser Cards,HPE OCA > DL380a Gen12 [P76706-B21] > PCIe Risers > Riser Cards,PCIe Riser,max 5,0,5,Selection constraint for Riser Cards: max 5,P74685-B21,Standard,HPE ProLiant Compute DL380a Gen12 2DW Captive Riser FIO Kit,0,"$1,067.00",,$0.00,,No,11/04/2024,02/29/2028,ADDED,N/A,"$1,067.00",$100.00,"$2,026.00"
PCIe Risers,Riser Cards,HPE OCA > DL380a Gen12 [P76706-B21] > PCIe Risers > Riser Cards,PCIe Riser,max 5,0,5,Selection constraint for Riser Cards: max 5,P74690-B21,Standard,HPE ProLiant Compute DL380a Gen12 PCIe Rear FIO Kit,0,$988.00,,$0.00,,No,11/04/2024,02/29/2028,ADDED,N/A,$988.00,$100.00,"$2,026.00"
PCIe Risers,Riser Cards,HPE OCA > DL380a Gen12 [P76706-B21] > PCIe Risers > Riser Cards,Cable Kit,max 5,0,5,Selection constraint for Riser Cards: max 5,P74714-B21,Standard,HPE ProLiant Compute DL380a Gen12 Switchboard FIO Enablement Kit,0,"$8,890.00",,$0.00,,No,11/04/2024,02/29/2028,ADDED,N/A,"$8,890.00",$100.00,"$2,026.00"
PCIe Risers,Riser Cards,HPE OCA > DL380a Gen12 [P76706-B21] > PCIe Risers > Riser Cards,Cable Kit,max 5,0,5,Selection constraint for Riser Cards: max 5,P74722-B21,Standard,HPE ProLiant Compute DL380a Gen12 Rear PCIe 5-slot Cable Kit,0,$312.00,,$0.00,,No,11/04/2024,02/29/2028,ADDED,N/A,$312.00,$100.00,"$2,026.00"
PCIe Risers,Riser Cards,HPE OCA > DL380a Gen12 [P76706-B21] > PCIe Risers > Riser Cards,Cable Kit,max 5,0,5,Selection constraint for Riser Cards: max 5,P76927-B21,Standard,HPE ProLiant Compute DL380a Front NIC FIO Enablement Kit,0,"$1,477.00",,$0.00,,No,03/03/2025,02/29/2028,ADDED,N/A,"$1,477.00",$100.00,"$2,026.00"
PCIe Risers,Riser Cards,HPE OCA > DL380a Gen12 [P76706-B21] > PCIe Risers > Riser Cards,PCIe Riser,max 5,0,5,Selection constraint for Riser Cards: max 5,P76929-B21,Standard,HPE ProLiant Compute DL380a Gen12 10 Double Wide Captive FIO Riser Kit,0,$0.00,,$0.00,,No,05/05/2025,02/29/2028,ADDED,N/A,$0.00,$0.00,2026-09-06: (no price)
Cables & Enablement Kits,Accessories,HPE OCA > DL380a Gen12 [P76706-B21] > Cables & Enablement Kits > Accessories,Cable Kit,max 3,0,3,Selection constraint for Accessories: max 3,P76698-B21,Standard,HPE ProLiant Compute DL380a Rear PCIe Slot1/4 FIO Cable Kit,0,$909.00,,$0.00,,No,03/03/2025,02/29/2028,ADDED,N/A,$909.00,$100.00,"$2,026.00"
Networking,Ethernet OCP,HPE OCA > DL380a Gen12 [P76706-B21] > Networking > Ethernet OCP,Network Adapter,max 2,0,2,Selection constraint for Ethernet OCP: max 2,P10115-B21,Standard,Broadcom BCM57414 Ethernet 10/25Gb 2-port SFP28 OCP3 Adapter for HPE,0,"$1,231.00",,$0.00,,No,11/02/2020,12/31/2028,ADDED,N/A,"$1,231.00",$100.00,"$2,026.00"
Networking,Ethernet OCP,HPE OCA > DL380a Gen12 [P76706-B21] > Networking > Ethernet OCP,Network Adapter,max 2,0,2,Selection constraint for Ethernet OCP: max 2,P42041-B21,Standard,Mellanox MCX631432AS-ADAI Ethernet 10/25Gb 2-port SFP28 OCP3 Adapter for HPE,0,"$1,398.00",,$0.00,,No,02/07/2022,12/31/2028,ADDED,N/A,"$1,398.00",$100.00,"$2,026.00"
Networking,Ethernet OCP,HPE OCA > DL380a Gen12 [P76706-B21] > Networking > Ethernet OCP,Network Adapter,max 2,0,2,Selection constraint for Ethernet OCP: max 2,P51181-B21,Standard,Broadcom BCM5719 Ethernet 1Gb 4-port BASE-T OCP3 Adapter for HPE,0,$485.00,,$0.00,,No,06/06/2022,12/31/2028,ADDED,N/A,$485.00,$100.00,"$2,026.00"
Networking,Ethernet OCP,HPE OCA > DL380a Gen12 [P76706-B21] > Networking > Ethernet OCP,Transceiver,max 2,0,2,Selection constraint for Ethernet OCP: max 2,P22767-B21,Standard,Intel E810-CQDA2 Ethernet 100Gb 2-port QSFP28 OCP3 Adapter for HPE,0,"$3,600.00",,$0.00,,No,04/06/2021,12/31/2028,ADDED,N/A,"$3,600.00",$100.00,"$2,026.00"
Networking,Ethernet OCP,HPE OCA > DL380a Gen12 [P76706-B21] > Networking > Ethernet OCP,Network Adapter,max 2,0,2,Selection constraint for Ethernet OCP: max 2,P26256-B21,Standard,Broadcom BCM57412 Ethernet 10Gb 2-port SFP+ OCP3 Adapter for HPE,0,$940.00,,$0.00,,No,10/05/2020,12/31/2028,ADDED,N/A,$940.00,$100.00,"$2,026.00"
Networking,Ethernet OCP,HPE OCA > DL380a Gen12 [P76706-B21] > Networking > Ethernet OCP,Network Adapter,max 2,0,2,Selection constraint for Ethernet OCP: max 2,P79833-B21,Standard,Intel E610-IT4 Ethernet 1Gb 4-port BASE-T OCP3 Adapter for HPE,0,"$1,580.00",,$0.00,,No,09/02/2025,12/31/2028,ADDED,N/A,"$1,580.00",$100.00,"$2,026.00"
Networking,Ethernet OCP,HPE OCA > DL380a Gen12 [P76706-B21] > Networking > Ethernet OCP,Network Adapter,max 2,0,2,Selection constraint for Ethernet OCP: max 2,P10097-B21,Standard,Broadcom BCM57416 Ethernet 10Gb 2-port BASE-T OCP3 Adapter for HPE,1,"$1,105.00",,$0.00,,No,11/02/2020,12/31/2028,ADDED,N/A,"$1,105.00",$100.00,"$2,026.00"
Networking,Ethernet OCP,HPE OCA > DL380a Gen12 [P76706-B21] > Networking > Ethernet OCP,Network Adapter,max 2,0,2,Selection constraint for Ethernet OCP: max 2,P10106-B21,Standard,Intel E810-XXVDA2 Ethernet 10/25Gb 2-port SFP28 OCP3 Adapter for HPE,0,"$1,680.00",,$0.00,,No,04/06/2021,11/30/2027,ADDED,N/A,"$1,680.00",$100.00,"$2,026.00"
Networking,Ethernet OCP,HPE OCA > DL380a Gen12 [P76706-B21] > Networking > Ethernet OCP,Network Adapter,max 2,0,2,Selection constraint for Ethernet OCP: max 2,P26269-B21,Standard,Broadcom BCM57504 Ethernet 10/25Gb 4-port SFP28 OCP3 Adapter for HPE,0,"$2,598.00",,$0.00,,No,09/06/2022,12/31/2028,ADDED,N/A,"$2,598.00",$100.00,"$2,026.00"
Networking,Ethernet OCP,HPE OCA > DL380a Gen12 [P76706-B21] > Networking > Ethernet OCP,Network Adapter,max 2,0,2,Selection constraint for Ethernet OCP: max 2,P41614-B21,Standard,Intel E810-XXVDA4 Ethernet 10/25Gb 4-port SFP28 OCP3 Adapter for HPE,0,"$3,770.00",,$0.00,,No,08/02/2021,12/31/2028,ADDED,N/A,"$3,770.00",$100.00,"$2,026.00"
Networking,Ethernet OCP,HPE OCA > DL380a Gen12 [P76706-B21] > Networking > Ethernet OCP,Network Adapter,max 2,0,2,Selection constraint for Ethernet OCP: max 2,P73114-B21,Standard,Broadcom BCM57608 Ethernet 100Gb 2-port QSFP112 OCP3 Adapter for HPE,0,"$4,855.00",,$0.00,,No,03/03/2025,12/31/2028,ADDED,N/A,"$4,855.00",$100.00,"$2,026.00"
Cables & Enablement Kits,Upgrades,HPE OCA > DL380a Gen12 [P76706-B21] > Cables & Enablement Kits > Upgrades,Cable Kit,max 3,0,3,Selection constraint for Upgrades: max 3,P74694-B21,Standard,HPE ProLiant Compute DL380a Gen12 OCPA Cable Kit,1,$75.00,,$0.00,,No,11/04/2024,02/29/2028,ADDED,N/A,$75.00,$100.00,"$2,026.00"
Cooling / Thermal,Heatsink Kit,HPE OCA > DL380a Gen12 [P76706-B21] > Cooling / Thermal > Heatsink Kit,Cable Kit,max 1,0,1,"If 4NVMe Direct Attach Cable (P74702-B21) is selected, then HPE DL380a Gen12 OCPB Cbl Kit (P74696-B21) cannot be selected.",P74696-B21,Standard,HPE ProLiant Compute DL380a Gen12 OCPB Cable Kit,0,$87.00,,$0.00,,No,11/04/2024,02/29/2028,ADDED,N/A,$87.00,$100.00,"$2,026.00"
Networking,Transceivers,HPE OCA > DL380a Gen12 [P76706-B21] > Networking > Transceivers,Transceiver,max 14,0,14,Selection constraint for Transceivers: max 14,P49764-B21,Standard,HPE InfiniBand NDR/Ethernet 1x400Gb OSFP Multi-mode 50m HCA-side Transceiver,0,"$1,866.00",,$0.00,,No,03/06/2023,12/31/2027,ADDED,N/A,"$1,866.00",$100.00,"$2,026.00"
Networking,Transceivers,HPE OCA > DL380a Gen12 [P76706-B21] > Networking > Transceivers,Transceiver,max 14,0,14,Selection constraint for Transceivers: max 14,Q8J73A,Standard,HPE 100GbE QSFP28 500m 1310mm PSM4 Transceiver,0,"$3,495.00",,$0.00,,No,12/18/2017,11/30/2028,ADDED,N/A,"$3,495.00",$100.00,"$2,026.00"
Networking,Transceivers,HPE OCA > DL380a Gen12 [P76706-B21] > Networking > Transceivers,Transceiver,max 14,0,14,Selection constraint for Transceivers: max 14,Q9S71A,Standard,HPE 100GbE QSFP28 to QSFP28 5m Active Optical Cable,0,"$1,899.00",,$0.00,,No,09/04/2018,11/30/2028,ADDED,N/A,"$1,899.00",$100.00,"$2,026.00"
Networking,Transceivers,HPE OCA > DL380a Gen12 [P76706-B21] > Networking > Transceivers,Transceiver,max 14,0,14,Selection constraint for Transceivers: max 14,453151-B21,Standard,HPE BladeSystem c-Class Virtual Connect 1G SFP SX Transceiver,0,$427.00,,$0.00,,No,10/01/2007,07/31/2027,ADDED,N/A,$427.00,$100.00,"$2,026.00"
Networking,Transceivers,HPE OCA > DL380a Gen12 [P76706-B21] > Networking > Transceivers,Transceiver,max 14,0,14,Selection constraint for Transceivers: max 14,453154-B21,Standard,HPE BladeSystem CClass Virtual Connect 1G SFP RJ45 Transceiver,0,$426.00,,$0.00,,No,11/16/2007,07/31/2027,ADDED,N/A,$426.00,$100.00,"$2,026.00"
Networking,Transceivers,HPE OCA > DL380a Gen12 [P76706-B21] > Networking > Transceivers,Transceiver,max 14,0,14,Selection constraint for Transceivers: max 14,455883-B21,Standard,HPE BladeSystem c-Class 10Gb SFP+ SR Transceiver,0,$842.00,,$0.00,,No,12/01/2008,11/30/2030,ADDED,N/A,$842.00,$100.00,"$2,026.00"
Networking,Transceivers,HPE OCA > DL380a Gen12 [P76706-B21] > Networking > Transceivers,Transceiver,max 14,0,14,Selection constraint for Transceivers: max 14,455886-B21,Standard,HPE BladeSystem c-Class 10Gb SFP+ LR Transceiver,0,"$1,751.00",,$0.00,,No,12/01/2008,11/30/2030,ADDED,N/A,"$1,751.00",$100.00,"$2,026.00"
Networking,Transceivers,HPE OCA > DL380a Gen12 [P76706-B21] > Networking > Transceivers,Transceiver,max 14,0,14,Selection constraint for Transceivers: max 14,845398-B21,Standard,HPE 25Gb SFP28 SR 100m Transceiver,0,"$2,110.00",,$0.00,,No,06/06/2016,06/30/2028,ADDED,N/A,"$2,110.00",$100.00,"$2,026.00"
Networking,Transceivers,HPE OCA > DL380a Gen12 [P76706-B21] > Networking > Transceivers,Transceiver,max 14,0,14,Selection constraint for Transceivers: max 14,845966-B21,Standard,HPE 100Gb QSFP28 MPO SR4 100m Transceiver,0,"$4,252.00",,$0.00,,No,06/06/2016,11/30/2030,ADDED,N/A,"$4,252.00",$100.00,"$2,026.00"
Networking,Transceivers,HPE OCA > DL380a Gen12 [P76706-B21] > Networking > Transceivers,Transceiver,max 14,0,14,Selection constraint for Transceivers: max 14,845972-B21,Standard,HPE 100Gb QSFP28 Bidirectional Transceiver,0,"$2,585.00",,$0.00,,No,12/03/2018,07/27/2026,ADDED,N/A,"$2,585.00",$100.00,"$2,026.00"
Networking,Transceivers,HPE OCA > DL380a Gen12 [P76706-B21] > Networking > Transceivers,Transceiver,max 14,0,14,Selection constraint for Transceivers: max 14,P87585-B21,Standard,HPE InfiniBand NDR/Ethernet 400Gb OSFP 1-port Single-mode 100m HCA-side Flat-Top Transceiver,0,"$7,359.00",,$0.00,,No,01/05/2026,06/30/2029,ADDED,N/A,"$7,359.00",$100.00,"$2,026.00"
Networking,Transceivers,HPE OCA > DL380a Gen12 [P76706-B21] > Networking > Transceivers,Transceiver,max 14,0,14,Selection constraint for Transceivers: max 14,P89422-B21,Standard,HPE Ethernet 1x400Gb OSFP 1-port Multi-mode 50m NIC-side Flat-Top Transceiver,0,"$2,400.00",,$0.00,,No,03/02/2026,06/30/2029,ADDED,N/A,"$2,400.00",$100.00,"$2,026.00"
Networking,Transceivers,HPE OCA > DL380a Gen12 [P76706-B21] > Networking > Transceivers,Transceiver,max 14,0,14,Selection constraint for Transceivers: max 14,P89423-B21,Standard,HPE Ethernet 1x400Gb QSFP112 1-port Multi-mode 50m NIC-side Flat-Top Transceiver,0,"$2,428.00",,$0.00,,No,03/02/2026,06/30/2029,ADDED,N/A,"$2,428.00",$100.00,"$2,026.00"
Networking,Transceivers,HPE OCA > DL380a Gen12 [P76706-B21] > Networking > Transceivers,Transceiver,max 14,0,14,Selection constraint for Transceivers: max 14,Q2F19A,Standard,HPE 100GbE QSFP28 SR4 100m Transceiver,0,"$2,425.00",,$0.00,,No,09/25/2017,11/30/2028,ADDED,N/A,"$2,425.00",$100.00,"$2,026.00"
Networking,Accessories,HPE OCA > DL380a Gen12 [P76706-B21] > Networking > Accessories,Transceiver,max 3,0,3,These products are hidden due to Supply constraints,845970-B21,Standard,HPE QSFP28 to SFP28 Adapter,0,$227.00,,$0.00,,No,12/03/2018,11/30/2030,ADDED,N/A,$227.00,$100.00,"$2,026.00"
Power Supplies,Power Supplies,HPE OCA > DL380a Gen12 [P76706-B21] > Power Supplies > Power Supplies,Power Supply,"min 1, max 8",1,8,Selection constraint for Power Supplies: max 8,P67252-B21,Standard,HPE 2400W M-CRPS Titanium Hot Plug Power Supply Kit,5,"$2,509.00",,$0.00,,No,11/04/2024,07/31/2028,ADDED,N/A,"$2,509.00",$100.00,"$2,026.00"
Power Supplies,Hot Plug SFF,HPE OCA > DL380a Gen12 [P76706-B21] > Power Supplies > Hot Plug SFF,Power Supply,"min 1, max 4",1,4,Mixing of Power Supply is not allowed.,P67248-B21,Standard,HPE 3200W M-CRPS Titanium Hot Plug Power Supply Kit,0,"$2,723.00",,$0.00,,No,02/24/2025,07/31/2028,ADDED,N/A,"$2,723.00",$100.00,"$2,026.00"
Power Supplies,Hot Plug SFF,HPE OCA > DL380a Gen12 [P76706-B21] > Power Supplies > Hot Plug SFF,Power Supply,"min 1, max 4",1,4,Mixing of Power Supply is not allowed.,P78196-B21,Standard,HPE 2800W M-CRPS 277VAC Titanium Hot Plug Power Supply Kit,0,"$2,600.00",,$0.00,,No,05/04/2026,05/31/2029,ADDED,N/A,"$2,600.00",$100.00,"$2,026.00"
Networking,Ethernet PCIe,HPE OCA > DL380a Gen12 [P76706-B21] > Networking > Ethernet PCIe,Network Adapter,max 2,0,2,BTO products are not allowed in CTO Base Model.,P80098-B21,Standard,HPE ProLiant Compute DL380a Gen12 Upgrade Chassis Fan Module,0,$0.00,,$0.00,,No,05/05/2025,02/29/2028,ADDED,N/A,$0.00,$0.00,2026-09-06: (no price)
Cooling / Thermal,Accessories,HPE OCA > DL380a Gen12 [P76706-B21] > Cooling / Thermal > Accessories,Cooling / Thermal,max 1,0,1,Selection constraint for Accessories: max 1,P79660-B21,Standard,HPE ProLiant Compute DL380a Gen12 Front Panel Kit,0,$65.00,,$0.00,,No,05/05/2025,02/29/2028,ADDED,N/A,$65.00,$100.00,"$2,026.00"
Cooling / Thermal,Accessories,HPE OCA > DL380a Gen12 [P76706-B21] > Cooling / Thermal > Accessories,Cooling / Thermal,max 1,0,1,Selection constraint for Accessories: max 1,P85517-B21,Standard,HPE ProLiant Compute DL380a Gen12 Front I/O Chassis 3x Fan Panel Kit,0,$171.00,,$0.00,,No,01/05/2026,02/29/2028,ADDED,N/A,$171.00,$100.00,"$2,026.00"
Cooling / Thermal,Power Cooling Options,HPE OCA > DL380a Gen12 [P76706-B21] > Cooling / Thermal > Power Cooling Options,Network Adapter,max 2,0,2,Selection constraint for Power Cooling Options: max 2,P28727-B21,Standard,HPE OCP Thermal Enhancement Kit,0,$199.00,,$0.00,,No,06/07/2021,04/30/2028,ADDED,N/A,$199.00,$100.00,"$2,026.00"
Cooling / Thermal,Power Cooling Options,HPE OCA > DL380a Gen12 [P76706-B21] > Cooling / Thermal > Power Cooling Options,Cooling / Thermal,max 2,0,2,Selection constraint for Power Cooling Options: max 2,P62042-B21,Standard,HPE ProLiant DL3XX Gen11 Direct Liquid Cooling 55cm Quick Disconnect Tube Set FIO Kit,0,"$1,213.00",,$0.00,,No,04/03/2023,06/30/2029,ADDED,N/A,"$1,213.00",$100.00,"$2,026.00"
Cooling / Thermal,Power Cooling Options,HPE OCA > DL380a Gen12 [P76706-B21] > Cooling / Thermal > Power Cooling Options,Cooling / Thermal,max 2,0,2,Selection constraint for Power Cooling Options: max 2,P79656-B21,Standard,HPE ProLiant Compute DL380a Gen12 Front Chassis Fan Module Kit,0,$712.00,,$0.00,,No,05/05/2025,02/29/2028,ADDED,N/A,$712.00,$100.00,"$2,026.00"
Cooling / Thermal,Power Cooling Options,HPE OCA > DL380a Gen12 [P76706-B21] > Cooling / Thermal > Power Cooling Options,Cooling / Thermal,max 2,0,2,Selection constraint for Power Cooling Options: max 2,P84311-B21,Standard,HPE ProLiant Compute DL380a Gen12 Front I/O Chassis 3x Fan Module Kit,0,$749.00,,$0.00,,No,01/05/2026,02/29/2028,ADDED,N/A,$749.00,$100.00,"$2,026.00"
Cables & Enablement Kits,Management Hardware,HPE OCA > DL380a Gen12 [P76706-B21] > Cables & Enablement Kits > Management Hardware,Cable Kit,max 2,0,2,Selection constraint for Management Hardware: max 2,P71432-B21,Standard,HPE ProLiant Compute DL3X0 Gen12 SP MHS Serial Port Enablement Kit,0,$139.00,,$0.00,,No,12/02/2024,04/30/2028,ADDED,N/A,$139.00,$100.00,"$2,026.00"
Software & Licenses,Compute Ops Management SKUs (required),HPE OCA > DL380a Gen12 [P76706-B21] > Software & Licenses > Compute Ops Management SKUs (required),Operating System / License,max 1,0,1,Cannot be selected with HPE DL380a Gen12 8DW/16SW CTO Svr (P76706-B21).,P74726-B21,Standard,HPE ProLiant Compute DL380a Gen12 iLO DC-SCM 2.0 FIO Management Module Kit,0,$639.00,,$0.00,,No,11/04/2024,02/29/2028,ADDED,N/A,$639.00,$100.00,"$2,026.00"
Accessories & Infrastructure,Security Hardware,HPE OCA > DL380a Gen12 [P76706-B21] > Accessories & Infrastructure > Security Hardware,Chassis Infrastructure,max 1,0,1,Selection constraint for Security Hardware: max 1,P74911-B21,Standard,HPE ProLiant Compute DL380a Gen12 4U Bezel Kit,0,$146.00,,$0.00,,No,11/04/2024,02/29/2028,ADDED,N/A,$146.00,$100.00,"$2,026.00"
Accessories & Infrastructure,Rack Options,HPE OCA > DL380a Gen12 [P76706-B21] > Accessories & Infrastructure > Rack Options,Chassis Infrastructure,max 2,0,2,Selection constraint for Rack Options: max 2,P28726-B21,Standard,HPE Apollo 4200 Gen10 Plus Cable Management Arm,0,$175.00,,$0.00,,No,06/07/2021,04/30/2027,ADDED,N/A,$175.00,$100.00,"$2,026.00"
Accessories & Infrastructure,Rack Options,HPE OCA > DL380a Gen12 [P76706-B21] > Accessories & Infrastructure > Rack Options,Chassis Infrastructure,max 2,0,2,Selection constraint for Rack Options: max 2,P69770-B21,Standard,HPE ProLiant Compute DL380a Gen12 Ball Bearing Rail Kit,1,$950.00,,$0.00,,No,11/04/2024,02/29/2028,ADDED,N/A,$950.00,$100.00,"$2,026.00"
OS Boot Device,OS Boot Device,HPE OCA > DL380a Gen12 [P76706-B21] > OS Boot Device > OS Boot Device,Boot Device,max 2,0,2,Selection constraint for OS Boot Device: max 2,P78279-B21,Standard,HPE NS204i-u v2 480GB NVMe Hot Plug Boot Optimized Storage Device,0,"$9,199.00",,$0.00,,No,12/02/2024,04/30/2029,ADDED,N/A,"$9,199.00",$100.00,"$2,026.00"
OS Boot Device,OS Boot Device,HPE OCA > DL380a Gen12 [P76706-B21] > OS Boot Device > OS Boot Device,Boot Device,max 2,0,2,Selection constraint for OS Boot Device: max 2,P75284-B21,Standard,HPE DL380a Gen12 NS204i-u Front Cage Kit,0,$158.00,,$0.00,,No,01/06/2025,02/29/2028,ADDED,N/A,$158.00,$100.00,"$2,026.00"
OS Boot Device,OS Boot Device,HPE OCA > DL380a Gen12 [P76706-B21] > OS Boot Device > OS Boot Device,Boot Device,max 2,0,2,Selection constraint for OS Boot Device: max 2,P81162-B21,Standard,HPE NS204i-u v2 960GB NVMe SED Hot Plug Boot Optimized Storage Device,0,"$14,299.00",,$0.00,,No,07/07/2025,04/30/2029,ADDED,N/A,"$14,299.00",$100.00,"$2,026.00"
OS Boot Device,OS Boot Device,HPE OCA > DL380a Gen12 [P76706-B21] > OS Boot Device > OS Boot Device,Boot Device,max 2,0,2,Selection constraint for OS Boot Device: max 2,P81160-B21,Standard,HPE NS204i-u v2 960GB NVMe Hot Plug Boot Optimized Storage Device,0,"$14,299.00",,$0.00,,No,07/07/2025,04/30/2029,ADDED,N/A,"$14,299.00",$100.00,"$2,026.00"
OS Boot Device,OS Boot Device,HPE OCA > DL380a Gen12 [P76706-B21] > OS Boot Device > OS Boot Device,Boot Device,max 2,0,2,Private Product is not valid for current customer account,P75693-B21,Standard,HPE NS204i-u Gen11 1.92TB Spl Boot Dev,0,"$7,200.00",,$0.00,,No,07/04/2024,10/31/2027,ADDED,N/A,"$7,200.00",$100.00,"$2,026.00"
Cables & Enablement Kits,Power Cords,HPE OCA > DL380a Gen12 [P76706-B21] > Cables & Enablement Kits > Power Cords,Cable Kit,max 8,0,8,Power cord cannot be selected if HPE Remove Standard Power Cords (469774-409) is in the configuration.,469774-409,Standard,HPE Remove Standard Power Cords,0,$1.00,,$0.00,,No,12/17/2009,12/31/2030,ADDED,N/A,$1.00,$100.00,"$2,026.00"
Software & Licenses,OEM Software,HPE OCA > DL380a Gen12 [P76706-B21] > Software & Licenses > OEM Software,Service & Support,Unlimited,0,Unlimited,Selection constraint for OEM Software: no max,Q9R65A,Standard,Red Hat Enterprise Linux for SAP Solutions for Physical Nodes 3yr Subscription 24x7 Support LTU,0,"$6,737.00",,$0.00,,No,03/05/2018,11/30/2027,ADDED,N/A,"$6,737.00",$100.00,"$2,026.00"
Software & Licenses,OEM Software,HPE OCA > DL380a Gen12 [P76706-B21] > Software & Licenses > OEM Software,Service & Support,Unlimited,0,Unlimited,Selection constraint for OEM Software: no max,Q9R66A,Standard,Red Hat Enterprise Linux for SAP Solutions for Physical Nodes 5yr Subscription 24x7 Support LTU,0,"$11,229.00",,$0.00,,No,03/05/2018,11/30/2027,ADDED,N/A,"$11,229.00",$100.00,"$2,026.00"
Software & Licenses,OEM Software,HPE OCA > DL380a Gen12 [P76706-B21] > Software & Licenses > OEM Software,Service & Support,Unlimited,0,Unlimited,Selection constraint for OEM Software: no max,Q9R67A,Standard,Red Hat Enterprise Linux for SAP Solutions for Virtual DC 3yr Subscription 24x7 Support LTU,0,"$24,680.00",,$0.00,,No,03/05/2018,11/30/2027,ADDED,N/A,"$24,680.00",$100.00,"$2,026.00"
Software & Licenses,OEM Software,HPE OCA > DL380a Gen12 [P76706-B21] > Software & Licenses > OEM Software,Service & Support,Unlimited,0,Unlimited,Selection constraint for OEM Software: no max,Q9R68A,Standard,Red Hat Enterprise Linux for SAP Solutions for Virtual DC 5yr Subscription 24x7 Support LTU,0,"$41,134.00",,$0.00,,No,03/05/2018,11/30/2027,ADDED,N/A,"$41,134.00",$100.00,"$2,026.00"
Software & Licenses,iLO,HPE OCA > DL380a Gen12 [P76706-B21] > Software & Licenses > iLO,Service & Support,Unlimited,0,Unlimited,Selection constraint for iLO: no max,512485-B21,Standard,HPE iLO Advanced 1-server License with 1yr Support on iLO Licensed Features,0,$399.00,,$0.00,,No,11/18/2008,01/25/2036,ADDED,N/A,$399.00,$100.00,"$2,026.00"
Software & Licenses,iLO,HPE OCA > DL380a Gen12 [P76706-B21] > Software & Licenses > iLO,Service & Support,Unlimited,0,Unlimited,Selection constraint for iLO: no max,BD505A,Standard,HPE iLO Advanced 1-server License with 3yr Support on iLO Licensed Features,1,$469.00,,$0.00,,No,03/26/2012,01/25/2036,ADDED,N/A,$469.00,$100.00,"$2,026.00"
Software & Licenses,iLO,HPE OCA > DL380a Gen12 [P76706-B21] > Software & Licenses > iLO,Service & Support,Unlimited,0,Unlimited,Selection constraint for iLO: no max,512487-B21,Standard,HPE iLO Advanced AKA Tracking License with 1yr Support on iLO Licensed Features,0,$399.00,,$0.00,,No,03/04/2015,01/25/2036,ADDED,N/A,$399.00,$100.00,"$2,026.00"
Software & Licenses,iLO,HPE OCA > DL380a Gen12 [P76706-B21] > Software & Licenses > iLO,Service & Support,Unlimited,0,Unlimited,Selection constraint for iLO: no max,BD507A,Standard,HPE iLO Advanced AKA Tracking License with 3yr Support on iLO Licensed Features,0,$469.00,,$0.00,,No,03/26/2012,01/25/2036,ADDED,N/A,$469.00,$100.00,"$2,026.00"
Software & Licenses,iLO,HPE OCA > DL380a Gen12 [P76706-B21] > Software & Licenses > iLO,Service & Support,Unlimited,0,Unlimited,Selection constraint for iLO: no max,E6U59ABE,Standard,HPE iLO Advanced Electronic License with 1yr Support on iLO Licensed Features,0,$399.00,,$0.00,,No,09/10/2013,01/25/2036,ADDED,N/A,$399.00,$100.00,"$2,026.00"
Software & Licenses,iLO,HPE OCA > DL380a Gen12 [P76706-B21] > Software & Licenses > iLO,Service & Support,Unlimited,0,Unlimited,Selection constraint for iLO: no max,E6U64ABE,Standard,HPE iLO Advanced Electronic License with 3yr Support on iLO Licensed Features,0,$467.00,,$0.00,,No,09/10/2013,01/25/2036,ADDED,N/A,$467.00,$100.00,"$2,026.00"
Software & Licenses,Microsoft Windows CAL Packs,HPE OCA > DL380a Gen12 [P76706-B21] > Software & Licenses > Microsoft Windows CAL Packs,Operating System / License,Unlimited,0,Unlimited,Selection constraint for Microsoft Windows CAL Packs: no max,P46191-AA1,Standard,Microsoft Windows Server 2022 1 User CAL Chinese Simplified LTU,0,"$99,999.00",,$0.00,,No,11/01/2021,05/31/2025,ADDED,N/A,"$99,999.00",$100.00,"$2,026.00"
Software & Licenses,Microsoft Windows CAL Packs,HPE OCA > DL380a Gen12 [P76706-B21] > Software & Licenses > Microsoft Windows CAL Packs,Operating System / License,Unlimited,0,Unlimited,Selection constraint for Microsoft Windows CAL Packs: no max,P46191-B21,Standard,Microsoft Windows Server 2022 1 User CAL en/cs/de/es/fr/it/nl/pl/pt/ru/sv/ko/ja/xc LTU,0,$55.00,,$0.00,,No,11/01/2021,05/31/2025,ADDED,N/A,$55.00,$100.00,"$2,026.00"
Software & Licenses,Microsoft Windows CAL Packs,HPE OCA > DL380a Gen12 [P76706-B21] > Software & Licenses > Microsoft Windows CAL Packs,Operating System / License,Unlimited,0,Unlimited,Selection constraint for Microsoft Windows CAL Packs: no max,P46194-B21,Standard,Microsoft Windows Server 2022 1 Device CAL en/cs/de/es/fr/it/nl/pl/pt/ru/sv/ko/ja/xc LTU,0,$44.00,,$0.00,,No,11/01/2021,05/31/2025,ADDED,N/A,$44.00,$100.00,"$2,026.00"
Software & Licenses,Microsoft Windows CAL Packs,HPE OCA > DL380a Gen12 [P76706-B21] > Software & Licenses > Microsoft Windows CAL Packs,Operating System / License,Unlimited,0,Unlimited,Selection constraint for Microsoft Windows CAL Packs: no max,P46215-AA1,Standard,Microsoft Windows Server 2022 5 Users CAL Chinese Simplified LTU,0,"$99,999.00",,$0.00,,No,11/01/2021,05/31/2025,ADDED,N/A,"$99,999.00",$100.00,"$2,026.00"
Software & Licenses,Microsoft Windows CAL Packs,HPE OCA > DL380a Gen12 [P76706-B21] > Software & Licenses > Microsoft Windows CAL Packs,Operating System / License,Unlimited,0,Unlimited,Selection constraint for Microsoft Windows CAL Packs: no max,P46215-AB1,Standard,Microsoft Windows Server 2022 5 Users CAL Chinese Traditional LTU,0,"$99,999.00",,$0.00,,No,11/01/2021,05/31/2025,ADDED,N/A,"$99,999.00",$100.00,"$2,026.00"
Software & Licenses,Microsoft Windows CAL Packs,HPE OCA > DL380a Gen12 [P76706-B21] > Software & Licenses > Microsoft Windows CAL Packs,Operating System / License,Unlimited,0,Unlimited,Selection constraint for Microsoft Windows CAL Packs: no max,P46215-B21,Standard,Microsoft Windows Server 2022 5 Users CAL en/cs/de/es/fr/it/nl/pl/pt/ru/sv/ko/ja/xc LTU,0,$271.00,,$0.00,,No,11/01/2021,05/31/2025,ADDED,N/A,$271.00,$100.00,"$2,026.00"
Software & Licenses,Microsoft Windows CAL Packs,HPE OCA > DL380a Gen12 [P76706-B21] > Software & Licenses > Microsoft Windows CAL Packs,Operating System / License,Unlimited,0,Unlimited,Selection constraint for Microsoft Windows CAL Packs: no max,P46216-B21,Standard,Microsoft Windows Server 2022 5 Devices CAL en/cs/de/es/fr/it/nl/pl/pt/ru/sv/ko/ja/xc LTU,0,$216.00,,$0.00,,No,11/01/2021,05/31/2025,ADDED,N/A,$216.00,$100.00,"$2,026.00"
Software & Licenses,Microsoft Windows CAL Packs,HPE OCA > DL380a Gen12 [P76706-B21] > Software & Licenses > Microsoft Windows CAL Packs,Operating System / License,Unlimited,0,Unlimited,Selection constraint for Microsoft Windows CAL Packs: no max,P46217-B21,Standard,Microsoft Windows Server 2022 10 Users CAL en/cs/de/es/fr/it/nl/pl/pt/ru/sv/ko/ja/xc LTU,0,$539.00,,$0.00,,No,11/01/2021,05/31/2025,ADDED,N/A,$539.00,$100.00,"$2,026.00"
Software & Licenses,Microsoft Windows CAL Packs,HPE OCA > DL380a Gen12 [P76706-B21] > Software & Licenses > Microsoft Windows CAL Packs,Operating System / License,Unlimited,0,Unlimited,Selection constraint for Microsoft Windows CAL Packs: no max,P46218-B21,Standard,Microsoft Windows Server 2022 10 Devices CAL en/cs/de/es/fr/it/nl/pl/pt/ru/sv/ko/ja/xc LTU,0,$429.00,,$0.00,,No,11/01/2021,05/31/2025,ADDED,N/A,$429.00,$100.00,"$2,026.00"
Software & Licenses,Microsoft Windows CAL Packs,HPE OCA > DL380a Gen12 [P76706-B21] > Software & Licenses > Microsoft Windows CAL Packs,Operating System / License,Unlimited,0,Unlimited,Selection constraint for Microsoft Windows CAL Packs: no max,P46219-B21,Standard,Microsoft Windows Server 2022 50 Users CAL en/cs/de/es/fr/it/nl/pl/pt/ru/sv/ko/ja/xc LTU,0,"$2,695.00",,$0.00,,No,11/01/2021,05/31/2025,ADDED,N/A,"$2,695.00",$100.00,"$2,026.00"
Software & Licenses,Microsoft Windows CAL Packs,HPE OCA > DL380a Gen12 [P76706-B21] > Software & Licenses > Microsoft Windows CAL Packs,Operating System / License,Unlimited,0,Unlimited,Selection constraint for Microsoft Windows CAL Packs: no max,P46220-B21,Standard,Microsoft Windows Server 2022 50 Devices CAL en/cs/de/es/fr/it/nl/pl/pt/ru/sv/ko/ja/xc LTU,0,"$2,145.00",,$0.00,,No,11/01/2021,05/31/2025,ADDED,N/A,"$2,145.00",$100.00,"$2,026.00"
Software & Licenses,Microsoft Windows CAL Packs,HPE OCA > DL380a Gen12 [P76706-B21] > Software & Licenses > Microsoft Windows CAL Packs,Operating System / License,Unlimited,0,Unlimited,Selection constraint for Microsoft Windows CAL Packs: no max,P46221-B21,Standard,Microsoft Windows Server 2022 RDS 5 Users CAL en/cs/de/es/fr/it/nl/pl/pt/ru/sv/ko/ja/xc LTU,0,$935.00,,$0.00,,No,11/01/2021,05/31/2025,ADDED,N/A,$935.00,$100.00,"$2,026.00"
Software & Licenses,Microsoft Windows CAL Packs,HPE OCA > DL380a Gen12 [P76706-B21] > Software & Licenses > Microsoft Windows CAL Packs,Operating System / License,Unlimited,0,Unlimited,Selection constraint for Microsoft Windows CAL Packs: no max,P46222-B21,Standard,Microsoft Windows Server 2022 RDS 5 Devices CAL en/cs/de/es/fr/it/nl/pl/pt/ru/sv/ko/ja/xc LTU,0,$880.00,,$0.00,,No,11/01/2021,05/31/2025,ADDED,N/A,$880.00,$100.00,"$2,026.00"
Software & Licenses,Microsoft Windows CAL Packs,HPE OCA > DL380a Gen12 [P76706-B21] > Software & Licenses > Microsoft Windows CAL Packs,Operating System / License,Unlimited,0,Unlimited,Selection constraint for Microsoft Windows CAL Packs: no max,P77110-AA1,Standard,Microsoft Windows Server 2025 1 User CAL Chinese Simplified LTU,0,$0.00,,$0.00,,No,12/02/2024,11/30/2027,ADDED,N/A,$0.00,$0.00,2026-09-06: (no price)
Software & Licenses,Microsoft Windows CAL Packs,HPE OCA > DL380a Gen12 [P76706-B21] > Software & Licenses > Microsoft Windows CAL Packs,Operating System / License,Unlimited,0,Unlimited,Selection constraint for Microsoft Windows CAL Packs: no max,P77110-B21,Standard,Microsoft Windows Server 2025 1 User CAL WW LTU,0,$72.00,,$0.00,,No,12/02/2024,11/30/2027,ADDED,N/A,$72.00,$100.00,"$2,026.00"
Software & Licenses,Microsoft Windows CAL Packs,HPE OCA > DL380a Gen12 [P76706-B21] > Software & Licenses > Microsoft Windows CAL Packs,Operating System / License,Unlimited,0,Unlimited,Selection constraint for Microsoft Windows CAL Packs: no max,P77111-B21,Standard,Microsoft Windows Server 2025 1 Device CAL WW LTU,0,$52.00,,$0.00,,No,12/02/2024,11/30/2027,ADDED,N/A,$52.00,$100.00,"$2,026.00"
Software & Licenses,Microsoft Windows CAL Packs,HPE OCA > DL380a Gen12 [P76706-B21] > Software & Licenses > Microsoft Windows CAL Packs,Operating System / License,Unlimited,0,Unlimited,Selection constraint for Microsoft Windows CAL Packs: no max,P77112-AA1,Standard,Microsoft Windows Server 2025 5 Users CAL Chinese Simplified LTU,0,$0.00,,$0.00,,No,12/02/2024,11/30/2027,ADDED,N/A,$0.00,$0.00,2026-09-06: (no price)
Software & Licenses,Microsoft Windows CAL Packs,HPE OCA > DL380a Gen12 [P76706-B21] > Software & Licenses > Microsoft Windows CAL Packs,Operating System / License,Unlimited,0,Unlimited,Selection constraint for Microsoft Windows CAL Packs: no max,P77112-AB1,Standard,Microsoft Windows Server 2025 5 Users CAL Chinese Traditional LTU,0,$0.00,,$0.00,,No,12/02/2024,11/30/2027,ADDED,N/A,$0.00,$0.00,2026-09-06: (no price)
Software & Licenses,Microsoft Windows CAL Packs,HPE OCA > DL380a Gen12 [P76706-B21] > Software & Licenses > Microsoft Windows CAL Packs,Operating System / License,Unlimited,0,Unlimited,Selection constraint for Microsoft Windows CAL Packs: no max,P77112-B21,Standard,Microsoft Windows Server 2025 5 Users CAL WW LTU,0,$322.00,,$0.00,,No,12/02/2024,11/30/2027,ADDED,N/A,$322.00,$100.00,"$2,026.00"
Software & Licenses,Microsoft Windows CAL Packs,HPE OCA > DL380a Gen12 [P76706-B21] > Software & Licenses > Microsoft Windows CAL Packs,Operating System / License,Unlimited,0,Unlimited,Selection constraint for Microsoft Windows CAL Packs: no max,P77113-B21,Standard,Microsoft Windows Server 2025 5 Devices CAL WW LTU,0,$226.00,,$0.00,,No,12/02/2024,11/30/2027,ADDED,N/A,$226.00,$100.00,"$2,026.00"
Software & Licenses,Microsoft Windows CAL Packs,HPE OCA > DL380a Gen12 [P76706-B21] > Software & Licenses > Microsoft Windows CAL Packs,Operating System / License,Unlimited,0,Unlimited,Selection constraint for Microsoft Windows CAL Packs: no max,P77114-B21,Standard,Microsoft Windows Server 2025 10 Users CAL WW LTU,0,$636.00,,$0.00,,No,12/02/2024,11/30/2027,ADDED,N/A,$636.00,$100.00,"$2,026.00"
Software & Licenses,Microsoft Windows CAL Packs,HPE OCA > DL380a Gen12 [P76706-B21] > Software & Licenses > Microsoft Windows CAL Packs,Operating System / License,Unlimited,0,Unlimited,Selection constraint for Microsoft Windows CAL Packs: no max,P77115-B21,Standard,Microsoft Windows Server 2025 10 Devices CAL WW LTU,0,$444.00,,$0.00,,No,12/02/2024,11/30/2027,ADDED,N/A,$444.00,$100.00,"$2,026.00"
Software & Licenses,Microsoft Windows CAL Packs,HPE OCA > DL380a Gen12 [P76706-B21] > Software & Licenses > Microsoft Windows CAL Packs,Operating System / License,Unlimited,0,Unlimited,Selection constraint for Microsoft Windows CAL Packs: no max,P77116-B21,Standard,Microsoft Windows Server 2025 50 Users CAL WW LTU,0,"$3,143.00",,$0.00,,No,12/02/2024,11/30/2027,ADDED,N/A,"$3,143.00",$100.00,"$2,026.00"
Software & Licenses,Microsoft Windows CAL Packs,HPE OCA > DL380a Gen12 [P76706-B21] > Software & Licenses > Microsoft Windows CAL Packs,Operating System / License,Unlimited,0,Unlimited,Selection constraint for Microsoft Windows CAL Packs: no max,P77117-B21,Standard,Microsoft Windows Server 2025 50 Devices CAL WW LTU,0,"$2,184.00",,$0.00,,No,12/02/2024,11/30/2027,ADDED,N/A,"$2,184.00",$100.00,"$2,026.00"
Software & Licenses,Microsoft Windows CAL Packs,HPE OCA > DL380a Gen12 [P76706-B21] > Software & Licenses > Microsoft Windows CAL Packs,Service & Support,Unlimited,0,Unlimited,Selection constraint for Microsoft Windows CAL Packs: no max,P77118-B21,Standard,Microsoft Windows Server 2025 Remote Desktop Service 1 User CAL WW LTU,0,$280.00,,$0.00,,No,12/02/2024,11/30/2027,ADDED,N/A,$280.00,$100.00,"$2,026.00"
Software & Licenses,Microsoft Windows CAL Packs,HPE OCA > DL380a Gen12 [P76706-B21] > Software & Licenses > Microsoft Windows CAL Packs,Service & Support,Unlimited,0,Unlimited,Selection constraint for Microsoft Windows CAL Packs: no max,P77119-B21,Standard,Microsoft Windows Server 2025 Remote Desktop Service 1 Device CAL WW LTU,0,$201.00,,$0.00,,No,12/02/2024,11/30/2027,ADDED,N/A,$201.00,$100.00,"$2,026.00"
Software & Licenses,Microsoft Windows CAL Packs,HPE OCA > DL380a Gen12 [P76706-B21] > Software & Licenses > Microsoft Windows CAL Packs,Service & Support,Unlimited,0,Unlimited,Selection constraint for Microsoft Windows CAL Packs: no max,P77120-B21,Standard,Microsoft Windows Server 2025 Remote Desktop Service 5 Users CAL WW LTU,0,"$1,364.00",,$0.00,,No,12/02/2024,11/30/2027,ADDED,N/A,"$1,364.00",$100.00,"$2,026.00"
Software & Licenses,Microsoft Windows CAL Packs,HPE OCA > DL380a Gen12 [P76706-B21] > Software & Licenses > Microsoft Windows CAL Packs,Service & Support,Unlimited,0,Unlimited,Selection constraint for Microsoft Windows CAL Packs: no max,P77121-B21,Standard,Microsoft Windows Server 2025 Remote Desktop Service 5 Devices CAL WW LTU,0,$974.00,,$0.00,,No,12/02/2024,11/30/2027,ADDED,N/A,$974.00,$100.00,"$2,026.00"
Software & Licenses,Microsoft Windows CAL Packs,HPE OCA > DL380a Gen12 [P76706-B21] > Software & Licenses > Microsoft Windows CAL Packs,Service & Support,Unlimited,0,Unlimited,Selection constraint for Microsoft Windows CAL Packs: no max,P77122-B21,Standard,Microsoft Windows Server 2025 Remote Desktop Service 50 Users CAL WW LTU,0,"$13,566.00",,$0.00,,No,12/02/2024,11/30/2027,ADDED,N/A,"$13,566.00",$100.00,"$2,026.00"
Software & Licenses,Microsoft Windows CAL Packs,HPE OCA > DL380a Gen12 [P76706-B21] > Software & Licenses > Microsoft Windows CAL Packs,Service & Support,Unlimited,0,Unlimited,Selection constraint for Microsoft Windows CAL Packs: no max,P77123-B21,Standard,Microsoft Windows Server 2025 Remote Desktop Service 50 Devices CAL WW LTU,0,"$9,666.00",,$0.00,,No,12/02/2024,11/30/2027,ADDED,N/A,"$9,666.00",$100.00,"$2,026.00"
Software & Licenses,iLO,HPE OCA > DL380a Gen12 [P76706-B21] > Software & Licenses > iLO,Service & Support,Unlimited,0,Unlimited,Selection constraint for iLO: no max,AC120A,Standard,HPE Pallet Size Customization Service,0,$7.00,,,,No,,,ADDED,N/A,$7.00,$100.00,"$2,026.00"
Software & Licenses,iLO,HPE OCA > DL380a Gen12 [P76706-B21] > Software & Licenses > iLO,Service & Support,Unlimited,0,Unlimited,Selection constraint for iLO: no max,AC129A,Standard,HPE Consolidation Logistic Service,0,$26.00,,,,No,,,ADDED,N/A,$26.00,$100.00,"$2,026.00"
Software & Licenses,iLO,HPE OCA > DL380a Gen12 [P76706-B21] > Software & Licenses > iLO,Service & Support,Unlimited,0,Unlimited,Selection constraint for iLO: no max,P1F69A,Standard,HPE Delivery Site Above Ground Floor Service,0,$289.00,,,,No,,,ADDED,N/A,$289.00,$100.00,"$2,026.00"
Software & Licenses,iLO,HPE OCA > DL380a Gen12 [P76706-B21] > Software & Licenses > iLO,Service & Support,Unlimited,0,Unlimited,Selection constraint for iLO: no max,P1F70A,Standard,HPE Forklift at Delivery Service,0,"$1,399.00",,,,No,,,ADDED,N/A,"$1,399.00",$100.00,"$2,026.00"
Software & Licenses,iLO,HPE OCA > DL380a Gen12 [P76706-B21] > Software & Licenses > iLO,Service & Support,Unlimited,0,Unlimited,Selection constraint for iLO: no max,P1F71A,Standard,HPE Special Delivery Truck Size Service,0,$292.00,,,,No,,,ADDED,N/A,$292.00,$100.00,"$2,026.00"
Software & Licenses,iLO,HPE OCA > DL380a Gen12 [P76706-B21] > Software & Licenses > iLO,Operating System / License,Unlimited,0,Unlimited,Selection constraint for iLO: no max,P1F72A,Standard,HPE Two People at Delivery SVC,0,$466.00,,,,No,,,ADDED,N/A,$466.00,$100.00,"$2,026.00"
Software & Licenses,iLO,HPE OCA > DL380a Gen12 [P76706-B21] > Software & Licenses > iLO,Service & Support,Unlimited,0,Unlimited,Selection constraint for iLO: no max,P1F73A,Standard,HPE Campus Delivery Service,0,$104.00,,,,No,,,ADDED,N/A,$104.00,$100.00,"$2,026.00"
Software & Licenses,iLO,HPE OCA > DL380a Gen12 [P76706-B21] > Software & Licenses > iLO,Service & Support,Unlimited,0,Unlimited,Selection constraint for iLO: no max,P1F74A,Standard,HPE Unloading Logistic Service,0,$350.00,,,,No,,,ADDED,N/A,$350.00,$100.00,"$2,026.00"
Software & Licenses,iLO,HPE OCA > DL380a Gen12 [P76706-B21] > Software & Licenses > iLO,Service & Support,Unlimited,0,Unlimited,Selection constraint for iLO: no max,P1F75A,Standard,HPE Fixed Delivery Appointment Service,0,$466.00,,,,No,,,ADDED,N/A,$466.00,$100.00,"$2,026.00"
Software & Licenses,iLO,HPE OCA > DL380a Gen12 [P76706-B21] > Software & Licenses > iLO,Operating System / License,Unlimited,0,Unlimited,Selection constraint for iLO: no max,P1F76A,Standard,HPE Pre-Delivery Site Survey SVC,0,$758.00,,,,No,,,ADDED,N/A,$758.00,$100.00,"$2,026.00"
Software & Licenses,iLO,HPE OCA > DL380a Gen12 [P76706-B21] > Software & Licenses > iLO,Service & Support,Unlimited,0,Unlimited,Selection constraint for iLO: no max,AC123A,Standard,HPE Special Request/ Equipment Logistic Service,0,$816.00,,,,No,,,ADDED,N/A,$816.00,$100.00,"$2,026.00"
Software & Licenses,iLO,HPE OCA > DL380a Gen12 [P76706-B21] > Software & Licenses > iLO,Service & Support,Unlimited,0,Unlimited,Selection constraint for iLO: no max,BQ335A,Standard,HPE Expedite Shipment Small Logistic Service,0,$44.00,,,,No,,,ADDED,N/A,$44.00,$100.00,"$2,026.00"
Software & Licenses,iLO,HPE OCA > DL380a Gen12 [P76706-B21] > Software & Licenses > iLO,Service & Support,Unlimited,0,Unlimited,Selection constraint for iLO: no max,BQ337A,Standard,HPE Expedite Shipment Large Logistic Service,0,$100.00,,,,No,,,ADDED,N/A,$100.00,$100.00,"$2,026.00"